"Gene","p","padj","loglik_full","loglik_red","df_full","df_red","mean","converge_impulse","converge_const","allZero"
"gene1",5.44768806513563e-15,8.38105856174713e-14,-123.563270698226,-161.619937066318,7,2,154.226510538909,0,0,FALSE
"gene2",0.783365463906938,0.826770938160357,-138.971756449989,-140.198892563551,7,2,316.890486829059,0,0,FALSE
"gene3",1.43334237840671e-05,6.09932926981577e-05,-171.998869963544,-187.030367070371,7,2,941.008162128995,0,0,FALSE
"gene4",8.57498683052503e-18,1.63333082486191e-16,-146.6056755747,-191.353571525822,7,2,508.976145657598,0,0,FALSE
"gene5",0.34249904746575,0.430816411906604,-120.115276356555,-122.936875263066,7,2,179.642772986375,0,0,FALSE
"gene6",0.115055254144355,0.188615170728452,-157.212143962166,-161.638857166366,7,2,878.670956222085,0,0,FALSE
"gene7",0.000226145968908841,0.000760154517340641,-164.861518490024,-176.815445176001,7,2,1228.03931798895,0,0,FALSE
"gene8",0.677492887470033,0.738411866452352,-151.113144666773,-152.686130460856,7,2,552.704912963342,0,0,FALSE
"gene9",0.0024378987335565,0.00645800989021589,-174.614485053468,-183.836755467826,7,2,1177.18504377839,0,0,FALSE
"gene10",0.102832207009505,0.170675862256439,-95.616597059516,-100.196832050781,7,2,54.6146926127676,0,0,FALSE
"gene11",0.258493899283517,0.344658532378023,-135.208401105833,-138.470521393503,7,2,216.870568705424,0,0,FALSE
"gene12",0.0336962839510399,0.0626907608391441,-138.41342374927,-144.453860132717,7,2,239.733750207593,0,0,FALSE
"gene13",0.66718578367359,0.729164790900099,-150.64771808267,-152.254216703266,7,2,473.324313796551,0,0,FALSE
"gene14",1.64298983533346e-36,1.09532655688897e-34,-119.516031683074,-208.375308055384,7,2,189.043179026621,0,0,FALSE
"gene15",6.6022650320661e-06,3.03552415267407e-05,-172.434492617829,-188.318772982435,7,2,1226.22186200666,0,0,FALSE
"gene16",0.683576762347504,0.74301821994294,-157.121707286356,-158.674937649881,7,2,545.233585668531,0,0,FALSE
"gene17",0.453456837191822,0.525747057613707,-166.400920818255,-168.751388899504,7,2,911.124280934282,0,0,FALSE
"gene18",0.146319554348328,0.223916890660742,-166.595726778212,-170.688330369713,7,2,1003.47276914476,0,0,FALSE
"gene19",0.0313013769557045,0.0596216703918181,-152.294703508718,-158.428425196702,7,2,564.490156813623,0,0,FALSE
"gene20",0.00581006933536698,0.0137516433973183,-165.017654837867,-173.213560504623,7,2,868.3061107548,0,0,FALSE
"gene21",8.85480476209988e-07,4.78638095248642e-06,-182.773919489252,-200.850041552007,7,2,1939.05241526149,0,0,FALSE
"gene22",2.41013127493818e-11,2.29536311898874e-10,-118.72705087026,-148.007269413802,7,2,127.594265863493,0,0,FALSE
"gene23",2.36912397762803e-07,1.48070248601752e-06,-165.21999625297,-184.722594490187,7,2,1182.2003585844,0,0,FALSE
"gene24",9.28603638591945e-11,8.25425456526174e-10,-131.156849426583,-159.016186374956,7,2,228.618520779534,0,0,FALSE
"gene25",0.655156796504068,0.717980050963362,-130.996604364531,-132.642310230652,7,2,230.73736953567,0,0,FALSE
"gene26",0.788609107457329,0.830114849955083,-147.422089190629,-148.631697114986,7,2,517.441984809876,0,0,FALSE
"gene27",0.209463723408727,0.290921838067676,-75.3867314015053,-78.9635420093042,7,2,16.2633298295085,0,0,FALSE
"gene28",6.06843787313269e-06,2.8557354697095e-05,-133.319633094533,-149.296405703184,7,2,259.36735897903,0,0,FALSE
"gene29",2.7841075059657e-12,3.09345278440634e-11,-164.462755192698,-196.009534191048,7,2,1146.1980305635,0,0,FALSE
"gene30",0.039932969460566,0.0732715035973688,-145.360608273132,-151.184917887889,7,2,399.840162946477,0,0,FALSE
"gene31",0.00828066462731919,0.0185042784968027,-160.993195168563,-168.764233722492,7,2,605.981907774256,0,0,FALSE
"gene32",0.0143250021462762,0.0298651893580198,-155.648112193147,-162.753460998791,7,2,699.404565123124,0,0,FALSE
"gene33",0.183411791065319,0.262117653718388,-163.008411550196,-166.778915722702,7,2,755.488056192602,0,0,FALSE
"gene34",0.77635233589684,0.821536863382899,-123.737553757722,-124.988027617544,7,2,140.774196066687,0,0,FALSE
"gene35",2.1864971172245e-12,2.6502995360297e-11,-144.470581555549,-176.270608149176,7,2,441.273757986857,0,0,FALSE
"gene36",0.000525218242301311,0.00153348391912792,-147.669038291926,-158.665509550977,7,2,446.760382010855,0,0,FALSE
"gene37",0.424857449190018,0.504281838801209,-162.344347367193,-164.80783379452,7,2,586.900532176315,0,0,FALSE
"gene38",6.15801213604831e-12,6.31590988312647e-11,-100.974725074547,-131.688820184493,7,2,54.1295207875799,0,0,FALSE
"gene39",0.0154186585510749,0.0314666501042344,-152.326181032465,-159.341285564411,7,2,500.617965806707,0,0,FALSE
"gene40",0.591720885975852,0.662992589328685,-144.707036173977,-146.562559604033,7,2,355.296211215061,0,0,FALSE
"gene41",0.188234756456915,0.267608135098157,-147.307095744055,-151.040020666564,7,2,575.760328005859,0,0,FALSE
"gene42",0.410732205182322,0.49394349452248,-153.269554933121,-155.790735890942,7,2,647.899578190928,0,0,FALSE
"gene43",1.66973698522145e-35,9.54135420126542e-34,-136.581082303651,-223.081729649784,7,2,449.598753017649,0,0,FALSE
"gene44",0.116885946775782,0.190658144694203,-168.274246373488,-172.679257074964,7,2,1041.25932121867,0,0,FALSE
"gene45",0.718859656403823,0.777145574490619,-161.309225616936,-162.747992616555,7,2,671.816880401951,0,0,FALSE
"gene46",3.52833185286913e-08,2.52023703776366e-07,-178.549745436638,-200.099212316865,7,2,1528.00472795293,0,0,FALSE
"gene47",0.351830518315674,0.438418091359096,-74.3226453413845,-77.1007092047675,7,2,18.8240510232715,0,0,FALSE
"gene48",0.43051510446624,0.507982424148955,-152.429759616581,-154.87050019677,7,2,409.534515286544,0,0,FALSE
"gene49",0.772734953569064,0.819877934821288,-161.484835343676,-162.747303718618,7,2,680.863390712168,0,0,FALSE
"gene50",2.32406310095628e-12,2.73419188347797e-11,-143.937142685473,-175.673227381329,7,2,353.628826698414,0,0,FALSE
"gene51",1.34082714616517e-14,1.84941675333126e-13,-129.770860423132,-166.890429700489,7,2,216.171419801355,0,0,FALSE
"gene52",4.82181939381138e-05,0.000183688357859481,-171.22699489462,-184.914258639706,7,2,1692.55278189142,0,0,FALSE
"gene53",7.0202050891341e-06,3.19100231324277e-05,-138.24058447207,-154.057498665992,7,2,328.404711203551,0,0,FALSE
"gene54",0.00785442708769633,0.0176503979498794,-145.672875518672,-153.507534456145,7,2,383.574406388306,0,0,FALSE
"gene55",6.22378729216849e-15,9.2204256180274e-14,-90.0608584489046,-127.979010029956,7,2,35.4666546378335,0,0,FALSE
"gene56",0.512331975654054,0.58054614804992,-115.45602436237,-117.58706572759,7,2,87.9396606808776,0,0,FALSE
"gene57",0.0071228590094147,0.0163242413897236,-129.07962367876,-137.031743521557,7,2,219.295562729652,0,0,FALSE
"gene58",0.00478346525509867,0.0116669884270699,-158.523506822948,-166.950931874262,7,2,728.626279240561,0,0,FALSE
"gene59",1.86764350348498e-05,7.62303470810194e-05,-162.573500504839,-177.312789320459,7,2,909.411540978578,0,0,FALSE
"gene60",4.52566868401735e-08,3.12115081656369e-07,-148.231091787866,-169.513784152482,7,2,712.314932817084,0,0,FALSE
"gene61",0.0166668385985728,0.0336703810072177,-163.756804274982,-170.676176478619,7,2,772.839708924308,0,0,FALSE
"gene62",4.5839835796585e-07,2.58252596037099e-06,-153.789514796203,-172.579029760908,7,2,602.267114823119,0,0,FALSE
"gene63",1.79316484776055e-06,9.43770972505553e-06,-141.348447676326,-158.65748474406,7,2,291.188663120707,0,0,FALSE
"gene64",0.0717035392208547,0.124969793849622,-140.328081134339,-145.391805554195,7,2,356.381394996121,0,0,FALSE
"gene65",1.91212377274851e-05,7.72575261716572e-05,-158.757537323208,-173.470812733918,7,2,844.369787891457,0,0,FALSE
"gene66",1.14747229461874e-14,1.63924613516963e-13,-119.536146513994,-156.817803421301,7,2,135.731363170683,0,0,FALSE
"gene67",0.268069335171663,0.356238319165001,-151.712203143824,-154.918763174589,7,2,425.187473899588,0,0,FALSE
"gene68",0.000938460578518102,0.0026435509254031,-155.302928022098,-165.633630577201,7,2,551.273991298037,0,0,FALSE
"gene69",0.650831029151481,0.715832039273269,-110.127052464359,-111.786889289102,7,2,82.7181051982178,0,0,FALSE
"gene70",2.14969948355107e-22,5.05811643188487e-21,-142.993887309568,-198.65653745106,7,2,423.506803004364,0,0,FALSE
"gene71",8.0652835653669e-47,8.0652835653669e-45,-112.320522747148,-225.273477702726,7,2,183.300109645993,0,0,FALSE
"gene72",0.311409403848843,0.40181858561141,-171.349775048251,-174.323279410852,7,2,913.188690067519,0,0,FALSE
"gene73",0.183482357602871,0.262117653718388,-138.736957471656,-142.506905647321,7,2,324.806723457838,0,0,FALSE
"gene74",0.0668974863617113,0.117364011160897,-151.267902102065,-156.423211219908,7,2,422.01856304769,0,0,FALSE
"gene75",0.329788496300707,0.420112734141029,-152.208901569149,-155.091268902882,7,2,484.809332368796,0,0,FALSE
"gene76",2.34308402004486e-22,5.20685337787748e-21,-142.171899662599,-197.746065989469,7,2,438.453074243077,0,0,FALSE
"gene77",0.024890104926428,0.0492873364879762,-178.329574591324,-184.751335584958,7,2,1425.00972322188,0,0,FALSE
"gene78",0.000842763843832189,0.0024078966966634,-156.242997988988,-166.697493613328,7,2,542.87679157565,0,0,FALSE
"gene79",0.00242672618705631,0.00645800989021589,-172.100211942892,-181.327861219753,7,2,1042.64504321763,0,0,FALSE
"gene80",0.000106941238713972,0.000365611072526399,-155.710029215832,-168.507197979134,7,2,609.601711486422,0,0,FALSE
"gene81",8.3321406344462e-06,3.66247939975657e-05,-150.733410159726,-166.362146408598,7,2,622.107283703247,0,0,FALSE
"gene82",0.817458107788887,0.851518862280091,-155.784412666005,-156.896080854041,7,2,634.300344330164,0,0,FALSE
"gene83",0.00680221918414092,0.0158191143817231,-143.562977146653,-151.57032902409,7,2,294.7330931711,0,0,FALSE
"gene84",7.64348104618628e-14,1.01913080615817e-12,-126.918790960017,-162.224698939647,7,2,215.825396269886,0,0,FALSE
"gene85",0.393392216106334,0.478288408639919,-157.748637764315,-160.342543612368,7,2,792.024732750282,0,0,FALSE
"gene86",4.46048631437284e-10,3.71707192864403e-09,-140.45176386441,-166.653072591311,7,2,370.982255229374,0,0,FALSE
"gene87",1.40211295269104e-08,1.03860218717854e-07,-148.904201241528,-171.440716070786,7,2,509.924135099964,0,0,FALSE
"gene88",0.00376995152944224,0.0093085222949191,-116.488427005304,-125.197951195288,7,2,108.932777708878,0,0,FALSE
"gene89",0.0321314106155894,0.0603406772123744,-131.202893770721,-137.303536429254,7,2,196.634097624632,0,0,FALSE
"gene90",0.371337183237769,0.455628445690514,-124.462459585767,-127.152222539031,7,2,142.064306990639,0,0,FALSE
"gene91",1.93827659499647e-05,7.7531063799859e-05,-147.321562942496,-162.019822375885,7,2,460.038723477688,0,0,FALSE
"gene92",2.42915687129351e-05,9.5261053776216e-05,-114.693118715729,-129.141624984451,7,2,98.2685452191721,0,0,FALSE
"gene93",2.65724536097824e-12,3.03685184111799e-11,-143.380181099226,-174.975847824976,7,2,367.20953225309,0,0,FALSE
"gene94",0.117254758986935,0.190658144694203,-156.891987178961,-161.292663050413,7,2,569.378655894364,0,0,FALSE
"gene95",0.00281555050297053,0.00740934342886982,-157.413560829649,-166.466935661638,7,2,579.937249261749,0,0,FALSE
"gene96",9.57893742608769e-09,7.22938673666996e-08,-150.186242013881,-173.129429466657,7,2,475.879155501635,0,0,FALSE
"gene97",9.21734054837528e-11,8.25425456526174e-10,-159.738876662588,-187.606045651312,7,2,983.67782275777,0,0,FALSE
"gene98",0.438584378579726,0.514468479272406,-142.538790249025,-144.947429879084,7,2,396.164804035113,0,0,FALSE
"gene99",1.44783338970931e-20,2.89566677941862e-19,-147.37340900224,-198.706952121457,7,2,497.906731181556,0,0,FALSE
"gene100",6.46557536410156e-06,3.00724435539608e-05,-147.579293995979,-163.486529622056,7,2,411.310151967736,0,0,FALSE
"gene101",5.06355274592526e-05,0.000189291691436458,-162.730004395439,-176.36278945068,7,2,948.297115593877,0,0,FALSE
"gene102",0.1802546369542,0.260835348154502,-148.18099315103,-151.976565373768,7,2,382.759371767319,0,0,FALSE
"gene103",0.0402156106079922,0.0734531700602597,-133.096462330127,-138.91175589533,7,2,223.882637786925,0,0,FALSE
"gene104",0.000451696293650644,0.00135848509368615,-159.311179861399,-170.479750366405,7,2,573.326853246077,0,0,FALSE
"gene105",2.73632474796728e-16,4.37811959674765e-15,-140.490367939313,-181.652939539812,7,2,339.409369154214,0,0,FALSE
"gene106",5.35201123083213e-06,2.57928252088295e-05,-148.181460998229,-164.295962166148,7,2,456.819124227938,0,0,FALSE
"gene107",0.00706469504989366,0.0163242413897236,-123.348389454683,-131.310346230363,7,2,170.658361468209,0,0,FALSE
"gene108",8.70655127010726e-05,0.000305493027021307,-162.975495900882,-176.003062834314,7,2,918.594445709601,0,0,FALSE
"gene109",0.0094651038064894,0.0206887514895943,-165.49598169479,-173.105653210142,7,2,697.830793534515,0,0,FALSE
"gene110",0.0315781342791041,0.0597056238106884,-152.993068418801,-159.115668555673,7,2,478.923654664567,0,0,FALSE
"gene111",1.8007445227226e-49,2.40099269696347e-47,-142.344135385081,-261.480893901433,7,2,537.768117535305,0,0,FALSE
"gene112",0.219358187618587,0.302836302223946,-147.793759363595,-151.302400404032,7,2,631.99341931896,0,0,FALSE
"gene113",0.000314036142403296,0.000989090212293846,-141.496605338873,-153.07864046442,7,2,430.635441525376,0,0,FALSE
"gene114",0.000271159191807711,0.000889046530517084,-157.452559649366,-169.201052053073,7,2,648.78006109142,0,0,FALSE
"gene115",0.00545166151569232,0.0129801464659341,-128.745235243643,-137.017080172127,7,2,175.137709226344,0,0,FALSE
"gene116",0.363781993615268,0.450504016861012,-74.3044086064368,-77.0279560764206,7,2,15.7537685193543,0,0,FALSE
"gene117",0.338766880847179,0.42767402865221,-175.521656790947,-178.360918458544,7,2,1114.15829439403,0,0,FALSE
"gene118",2.00097431779763e-05,7.92465076355499e-05,-124.276870616586,-138.939934962461,7,2,156.719688906397,0,0,FALSE
"gene119",0.651407155738674,0.715832039273269,-153.378983622785,-155.036937341557,7,2,471.070246018917,0,0,FALSE
"gene120",1.63321436730576e-07,1.04783542133945e-06,-146.299257628465,-166.202846796944,7,2,369.10870733674,0,0,FALSE
"gene121",0.232135546533762,0.313696684505083,-183.318042971873,-186.742409181489,7,2,1505.18326950844,0,0,FALSE
"gene122",0.17364731082159,0.253499723827139,-158.730732636478,-162.58003285119,7,2,560.323778756247,0,0,FALSE
"gene123",0.00914147893371624,0.0200911624916841,-161.709690929431,-169.361413959494,7,2,869.657080791204,0,0,FALSE
"gene124",0.00159757689467583,0.00440710867496782,-114.769995088968,-124.485255495733,7,2,133.866146440235,0,0,FALSE
"gene125",6.50554206308534e-37,5.20443365046827e-35,-137.324961352549,-227.126329328865,7,2,389.895193323908,0,0,FALSE
"gene126",0.146665563382786,0.223916890660742,-152.266586680221,-156.355866264063,7,2,563.267676248968,0,0,FALSE
"gene127",8.46196872837598e-08,5.73692795144134e-07,-139.375459978367,-159.986471577739,7,2,333.34562883358,0,0,FALSE
"gene128",0.0831404776673364,0.140916063842943,-139.740004819604,-144.6068810294,7,2,273.963087252497,0,0,FALSE
"gene129",0.106883907207422,0.17666761521888,-129.722000886244,-134.249583791293,7,2,194.121211493178,0,0,FALSE
"gene130",0.30076009297548,0.393231491452122,-150.198925039756,-153.227174493451,7,2,455.923641433857,0,0,FALSE
"gene131",0.299226068567866,0.393231491452122,-159.490126303789,-162.526387213175,7,2,716.973004038739,0,0,FALSE
"gene132",0.606637613994269,0.674041793326966,-118.597296696513,-120.402879485006,7,2,95.1452705665686,0,0,FALSE
"gene133",0.35492321885424,0.440898408514584,-100.149973948733,-102.913800162953,7,2,46.3883359110751,0,0,FALSE
"gene134",0.817110567531576,0.851518862280091,-157.740032248052,-158.852898221932,7,2,579.375748813503,0,0,FALSE
"gene135",7.39319227005986e-06,3.32278304272353e-05,-168.201545573071,-183.96162316719,7,2,1394.60475973497,0,0,FALSE
"gene136",2.12036543629767e-06,1.08736689040906e-05,-162.588955434994,-179.715371604125,7,2,966.81717377141,0,0,FALSE
"gene137",0.0048289455656378,0.0117065347045765,-165.148626909766,-173.564808675982,7,2,848.995673354088,0,0,FALSE
"gene138",0.00308534594949266,0.00786075401144626,-165.64991153569,-174.595721992437,7,2,722.653391445351,0,0,FALSE
"gene139",1.59986701134688e-05,6.73628215303949e-05,-184.107275175037,-199.017491638294,7,2,2087.65755370638,0,0,FALSE
"gene140",2.64734628349175e-07,1.56944267371164e-06,-141.704240901275,-161.087020085344,7,2,368.739068674721,0,0,FALSE
"gene141",3.99122637707265e-09,3.07017413620973e-08,-140.762642201946,-164.638576062557,7,2,439.285250895729,0,0,FALSE
"gene142",0.0347529665896072,0.0643573455363096,-154.467162730012,-160.468433702296,7,2,648.651562419189,0,0,FALSE
"gene143",2.47615373998304e-13,3.19503708384908e-12,-120.058460152016,-154.137379524702,7,2,142.819312524335,0,0,FALSE
"gene144",0.180628478596993,0.260835348154502,-132.376331029546,-136.168915038799,7,2,228.585569913274,0,0,FALSE
"gene145",0.0195089641816088,0.0388238093166345,-159.34071643715,-166.065631776409,7,2,915.675309432458,0,0,FALSE
"gene146",0.000372335785126487,0.0011604015913962,-137.364637882118,-148.753213965249,7,2,255.21450323701,0,0,FALSE
"gene147",0.000301534446804233,0.000964910229773547,-122.390613203929,-134.018740467124,7,2,195.957834000937,0,0,FALSE
"gene148",0.130241172342333,0.202856447413549,-168.974536294608,-173.229934413944,7,2,947.260901321905,0,0,FALSE
"gene149",1.77033662436833e-05,7.37640260153472e-05,-103.484811919182,-118.283221333139,7,2,51.3117346949248,0,0,FALSE
"gene150",2.0892332510666e-60,8.35693300426639e-58,-146.254666767136,-290.859656094777,7,2,418.641986240654,0,0,FALSE
"gene151",5.89508520220001e-11,5.48380018809303e-10,-157.206829920065,-185.545241421741,7,2,919.018533697288,0,0,FALSE
"gene152",0.147316085187904,0.224054882415062,-150.861481764332,-154.944530850769,7,2,432.39082597468,0,0,FALSE
"gene153",0.170843603842052,0.252872336502445,-147.982865313019,-151.855506537713,7,2,411.129676833627,0,0,FALSE
"gene154",4.80364141760441e-12,5.05646465010991e-11,-129.873068335831,-160.847815049197,7,2,229.487433442792,0,0,FALSE
"gene155",0.000206084053647875,0.000698590012365679,-161.781680155396,-173.840574637887,7,2,846.04267034513,0,0,FALSE
"gene156",3.57757308419586e-06,1.74515760204676e-05,-114.056695971078,-130.612074473112,7,2,121.217550533514,0,0,FALSE
"gene157",0.000448795056527265,0.00135848509368615,-161.30609229767,-172.482008817897,7,2,703.504777675325,0,0,FALSE
"gene158",0.496880575196997,0.566245669740167,-119.12202794554,-121.309160078807,7,2,94.5270489661034,0,0,FALSE
"gene159",0.159726223284642,0.240046276747739,-143.01750854567,-146.986149165518,7,2,318.639706810315,0,0,FALSE
"gene160",0.000259362905379138,0.00086454301793046,-137.732973383006,-149.53184171876,7,2,267.001608671597,0,0,FALSE
"gene161",0.558172174184637,0.627159746274873,-142.745684659811,-144.715389276804,7,2,328.329029591139,0,0,FALSE
"gene162",0.000293776466801599,0.000955370623745037,-150.806393604558,-162.464082717083,7,2,544.27024616846,0,0,FALSE
"gene163",0.160230889729116,0.240046276747739,-138.928825195126,-142.892982171543,7,2,346.47710649696,0,0,FALSE
"gene164",0.000761316011667256,0.00219083744364678,-165.864920916586,-176.436217626914,7,2,982.171035588049,0,0,FALSE
"gene165",0.000374229513225274,0.0011604015913962,-156.551396859683,-167.934203190924,7,2,544.673931788856,0,0,FALSE
"gene166",1.95193392491827e-17,3.39466769551003e-16,-131.418791362969,-175.315981954906,7,2,230.384998085097,0,0,FALSE
"gene167",1.07212147082566e-07,7.14747647217109e-07,-116.677135011241,-137.033761449555,7,2,130.176244565746,0,0,FALSE
"gene168",0.157511641503192,0.237753421136893,-141.94645518988,-145.934920284494,7,2,311.460285778742,0,0,FALSE
"gene169",1.74494703064548e-11,1.74494703064548e-10,-142.577121509235,-172.197021399547,7,2,446.426211619455,0,0,FALSE
"gene170",0.00864858465055829,0.0191128942553774,-152.869461022731,-160.588093743669,7,2,491.053923260047,0,0,FALSE
"gene171",0.032288593901828,0.0603525119660337,-166.273544429512,-172.368014836714,7,2,908.426325353455,0,0,FALSE
"gene172",0.0156611806853126,0.0317993516453047,-170.794863489533,-177.790795413847,7,2,1108.26222145972,0,0,FALSE
"gene173",0.125614466248441,0.198599946637851,-163.84085558067,-168.146447136394,7,2,831.296278164854,0,0,FALSE
"gene174",0.0010330118326641,0.0028895435878716,-143.409698107905,-153.629741731503,7,2,431.611801965685,0,0,FALSE
"gene175",3.7999946623168e-27,1.26666488743893e-25,-124.153173126949,-191.029909137029,7,2,217.280779759664,0,0,FALSE
"gene176",9.25545098209772e-06,4.02410912265118e-05,-156.086793288705,-171.599997833458,7,2,571.056654271954,0,0,FALSE
"gene177",2.06807483667129e-06,1.07432459047859e-05,-149.953630186423,-167.10726395491,7,2,586.720095596137,0,0,FALSE
"gene178",2.02484699032389e-30,8.99931995699508e-29,-134.929160272808,-209.504292357781,7,2,343.903249029846,0,0,FALSE
"gene179",0.059686627350146,0.105640048407338,-166.989624628912,-172.294588021958,7,2,785.95629561188,0,0,FALSE
"gene180",0.0060051357729433,0.0141297312304548,-160.944688803843,-169.101162520794,7,2,707.116537735642,0,0,FALSE
"gene181",3.01385365665181e-32,1.50692682832591e-30,-116.836901997258,-195.702295053573,7,2,147.370414643078,0,0,FALSE
"gene182",2.01834973302458e-10,1.7550867243692e-09,-112.789301675488,-139.82909822392,7,2,107.196475637884,0,0,FALSE
"gene183",0.227359116552178,0.309332131363508,-163.005636410988,-166.461037000958,7,2,922.436294134415,0,0,FALSE
"gene184",1.85152490581974e-17,3.36640891967226e-16,-133.472657942726,-177.424483373946,7,2,238.645950897187,0,0,FALSE
"gene185",0.206152270127319,0.287320237111246,-174.081955102648,-177.682194794142,7,2,1147.16514894283,0,0,FALSE
"gene186",1.82647082623686e-05,7.53183845870868e-05,-135.578835390147,-150.342757267556,7,2,272.570541696909,0,0,FALSE
"gene187",0.136406524501252,0.209856191540388,-156.374957738482,-160.565907501733,7,2,794.740895354981,0,0,FALSE
"gene188",0.0143902311389614,0.0298651893580198,-167.41092179656,-174.510704403026,7,2,912.294017944804,0,0,FALSE
"gene189",0.000101151401883002,0.000348797937527592,-153.353725606417,-166.213308588119,7,2,526.845932814197,0,0,FALSE
"gene190",0.171953188821663,0.252872336502445,-160.320163110799,-164.183527104018,7,2,727.743187970519,0,0,FALSE
"gene191",2.96708295888915e-07,1.72004809210965e-06,-140.076062867495,-159.335744856996,7,2,387.422679773761,0,0,FALSE
"gene192",0.473661467064281,0.546007454829142,-136.479524160228,-138.752866968834,7,2,338.806138338903,0,0,FALSE
"gene193",0.00218474741242847,0.0058650937246402,-103.36653762601,-112.717062561535,7,2,62.5959065313218,0,0,FALSE
"gene194",0.219556319112361,0.302836302223946,-155.860508146539,-159.367811056674,7,2,772.4514956585,0,0,FALSE
"gene195",2.72028838163514e-06,1.34335228722723e-05,-137.051140810828,-153.905781307363,7,2,376.781733151565,0,0,FALSE
"gene196",8.18592377984356e-06,3.63818834659714e-05,-155.029774383864,-170.677965823704,7,2,719.967759647317,0,0,FALSE
"gene197",0.411207959189965,0.49394349452248,-112.325633131315,-114.84484903361,7,2,92.3870071988653,0,0,FALSE
"gene198",1.08769962668157e-09,8.70159701345254e-09,-147.301219547233,-172.558170921362,7,2,451.53856461894,0,0,FALSE
"gene199",6.08128610692562e-27,1.87116495597711e-25,-117.203509311469,-183.599365200796,7,2,188.064741129805,0,0,FALSE
"gene200",3.57541095223872e-12,3.86530913755537e-11,-142.809361291943,-174.093856227076,7,2,432.791335275688,0,0,FALSE
"gene201",0.0719805615956234,0.124969793849622,-139.332842864175,-144.391464424998,7,2,318.415894307549,0,0,FALSE
"gene202",5.69934893677587e-30,2.27973957471035e-28,-111.536480946453,-185.055650758976,7,2,104.70028610073,0,0,FALSE
"gene203",2.48301603898802e-06,1.24290994295948e-05,-174.778045587213,-191.732281256308,7,2,1208.05676615298,0,0,FALSE
"gene204",0.931649196988007,0.943442224797982,-132.275636220282,-132.941424419538,7,2,267.341780016749,0,0,FALSE
"gene205",7.74913030816762e-22,1.63139585435108e-20,-103.016648287969,-157.361761085498,7,2,80.5592087018741,0,0,FALSE
"gene206",0.182572624548343,0.262117653718388,-151.391603728421,-155.168734044624,7,2,554.908601689728,0,0,FALSE
"gene207",0.62418036733793,0.691612595388289,-150.421611427286,-152.168992375945,7,2,465.70693945612,0,0,FALSE
"gene208",0.118434953365772,0.191175577705429,-113.4962363863,-117.883123476332,7,2,98.2200189611231,0,0,FALSE
"gene209",0.234258257460612,0.315499336647289,-142.128571022747,-145.539317181565,7,2,318.548724597601,0,0,FALSE
"gene210",0.905146231178413,0.928355108900936,-157.686773393303,-158.470544855469,7,2,782.13634090415,0,0,FALSE
"gene211",5.95550163108844e-06,2.83595315766116e-05,-175.126567161877,-191.123941687966,7,2,1403.11739477951,0,0,FALSE
"gene212",0.00630889215400303,0.0147576424655042,-108.851610879626,-116.949101080807,7,2,69.4249843665336,0,0,FALSE
"gene213",9.1211604092682e-05,0.00031725775336585,-179.506437160914,-192.481916360388,7,2,1510.32742329236,0,0,FALSE
"gene214",0.00184646113219296,0.00499043549241341,-156.629371061433,-166.176181095831,7,2,612.197064275419,0,0,FALSE
"gene215",0.176089244882744,0.256129810738536,-157.92392920693,-161.753167672862,7,2,744.418903093911,0,0,FALSE
"gene216",0.921153001814362,0.93518071250189,-147.117807095501,-147.832135705324,7,2,347.828316025303,0,0,FALSE
"gene217",0.0415919750465227,0.0756217728118594,-172.027382579764,-177.799612526148,7,2,1061.17355112674,0,0,FALSE
"gene218",0.000487759466418405,0.00143458666593648,-160.840195910717,-171.921150169403,7,2,644.642833657003,0,0,FALSE
"gene219",1.75933931919142e-24,4.69157151784379e-23,-145.160404480526,-205.753754681662,7,2,516.906024973324,0,0,FALSE
"gene220",0.0266530837434123,0.0515035434655311,-157.670922171716,-164.006976353953,7,2,601.444638703985,0,0,FALSE
"gene221",0.191687935248652,0.270613237058385,-140.026644626171,-143.733173288672,7,2,329.818319779585,0,0,FALSE
"gene222",0.192135398311453,0.270613237058385,-130.077534213908,-133.780672647249,7,2,223.780408784092,0,0,FALSE
"gene223",1.28211220646105e-07,8.40729315712167e-07,-131.301050988907,-151.46524574936,7,2,191.672432022796,0,0,FALSE
"gene224",0.000461654667890447,0.00137540831066907,-168.087321420326,-179.231026569019,7,2,964.005073642587,0,0,FALSE
"gene225",0.732173202098402,0.787283013009034,-161.135376932552,-162.530863417147,7,2,840.948540446897,0,0,FALSE
"gene226",0.129881630669716,0.202856447413549,-161.008694761743,-165.267935358329,7,2,670.391390250922,0,0,FALSE
"gene227",0.721428160556698,0.777820119198597,-128.035777287032,-129.466202480596,7,2,205.602479037629,0,0,FALSE
"gene228",0.0191658812424783,0.0383317624849567,-103.484703474813,-110.231587341855,7,2,61.4207164237246,0,0,FALSE
"gene229",0.13474349950404,0.208098068732109,-141.398643042533,-145.606715005844,7,2,307.315981062201,0,0,FALSE
"gene230",0.000624587029481585,0.00181039718690314,-184.225918595343,-195.024211410176,7,2,1826.68994370704,0,0,FALSE
"gene231",1.36364937676176e-06,7.27279667606274e-06,-155.66735038444,-173.274388139416,7,2,615.588812271606,0,0,FALSE
"gene232",0.0078332347578897,0.0176503979498794,-116.704779784389,-124.542688879596,7,2,125.257864541625,0,0,FALSE
"gene233",0.0133467999240554,0.0285493046503859,-140.55280656372,-147.744703580776,7,2,250.371999933885,0,0,FALSE
"gene234",0.485272564612149,0.556186320472377,-149.941364063634,-152.17129170615,7,2,570.486190308398,0,0,FALSE
"gene235",0.918647561454119,0.93518071250189,-154.529149390561,-155.254678846953,7,2,339.120300980542,0,0,FALSE
"gene236",2.50519986317583e-28,9.10981768427574e-27,-137.306927480569,-206.963071058639,7,2,365.790480150341,0,0,FALSE
"gene237",6.19274418921522e-05,0.000225190697789644,-150.475419711688,-163.88376229214,7,2,437.232518911101,0,0,FALSE
"gene238",0.276505710638548,0.36623272932258,-161.338104371357,-164.497039605576,7,2,770.84750925968,0,0,FALSE
"gene239",0.221638453653916,0.304657668252805,-153.259922462881,-156.753224730071,7,2,469.024868085146,0,0,FALSE
"gene240",4.89687254007462e-05,0.000184787643021684,-139.06357706982,-152.73364179239,7,2,293.767330495179,0,0,FALSE
"gene241",0.488549062472022,0.558341785682311,-134.267823501167,-136.485611797709,7,2,259.578114078323,0,0,FALSE
"gene242",5.58849835823908e-05,0.000206981420675522,-175.964658531932,-189.487515926644,7,2,1268.4094507665,0,0,FALSE
"gene243",2.44393108347539e-07,1.50395758983101e-06,-173.393932837929,-192.862990458731,7,2,1408.01733621061,0,0,FALSE
"gene244",0.601983858691558,0.670734104391708,-124.115654429762,-125.936769919325,7,2,159.117385489486,0,0,FALSE
"gene245",0.250747604281885,0.335448300042655,-151.709539259815,-155.017858310562,7,2,526.133053253875,0,0,FALSE
"gene246",0.00763762230900243,0.0173582325204601,-124.821517071636,-132.689836661745,7,2,151.356884565855,0,0,FALSE
"gene247",0.966651273679194,0.971508817768034,-146.064644822084,-146.538636173258,7,2,388.767943078067,0,0,FALSE
"gene248",0.866775420642012,0.895891907640323,-122.391158140204,-123.326342747057,7,2,148.302485775249,0,0,FALSE
"gene249",0.0136760365596748,0.0289439927188885,-141.803424586058,-148.965526040797,7,2,353.033350457042,0,0,FALSE
"gene250",0.0425443244003869,0.0770033020821483,-158.029942238194,-163.773158951099,7,2,652.975499610307,0,0,FALSE
"gene251",0.937144983707812,0.946611094654356,-167.914893747582,-168.554061932074,7,2,895.336433197388,0,0,FALSE
"gene252",0.414887041564651,0.49687070846066,-162.767377223956,-165.271449424776,7,2,712.617879621329,0,0,FALSE
"gene253",0.38935942010557,0.475082482360716,-152.46021354077,-155.071354427419,7,2,461.603175170198,0,0,FALSE
"gene254",0.367232804768543,0.453373833047584,-154.495281760689,-157.203335080519,7,2,443.184233988282,0,0,FALSE
"gene255",8.57586101513054e-05,0.00030357030142055,-154.558070048148,-167.602566079904,7,2,727.507313050404,0,0,FALSE
"gene256",0.224718399718234,0.307833424271553,-118.664321263955,-122.137116287934,7,2,111.498696706718,0,0,FALSE
"gene257",0.698328668097614,0.756995846176275,-132.787273452631,-134.292647591769,7,2,207.519365472485,0,0,FALSE
"gene258",0.810339506477315,0.848523043431743,-149.280865817325,-150.416971487314,7,2,412.681357570995,0,0,FALSE
"gene259",0.0782862685919823,0.133253223135289,-151.97649314728,-156.923642168359,7,2,541.690074985887,0,0,FALSE
"gene260",0.751329853779256,0.801418510697873,-168.414509664864,-169.747456001347,7,2,788.639958054586,0,0,FALSE
"gene261",0.124740624326376,0.198000990994248,-164.441415693246,-168.756674035576,7,2,802.423059182338,0,0,FALSE
"gene262",0.64549281752609,0.713251732073028,-141.167790416592,-142.845092256696,7,2,305.664039315423,0,0,FALSE
"gene263",0.00086714631824637,0.00245998955530885,-133.376604393168,-143.798292453721,7,2,230.894994719467,0,0,FALSE
"gene264",0.98085988260361,0.981046377542106,-162.837645694621,-163.206288298059,7,2,774.416952192805,0,0,FALSE
"gene265",6.56446056347356e-05,0.000236557137422471,-149.573838650807,-162.917116073764,7,2,417.960611793645,0,0,FALSE
"gene266",0.00358212155967862,0.00889968089361147,-114.913390892548,-123.683270538705,7,2,110.03728651387,0,0,FALSE
"gene267",1.65034078860963e-07,1.04783542133945e-06,-113.675163833762,-133.567515585749,7,2,117.230296687079,0,0,FALSE
"gene268",0.370934633857192,0.455628445690514,-163.806447097941,-166.497997383368,7,2,879.853234660781,0,0,FALSE
"gene269",0.404871521023644,0.490753358816538,-160.808598918949,-163.354116608372,7,2,794.386903759116,0,0,FALSE
"gene270",0.099552582582414,0.16592097097069,-126.699900409659,-131.324162791242,7,2,168.475383231208,0,0,FALSE
"gene271",1.14368814226803e-05,4.91908878394851e-05,-110.239681086805,-125.519987207836,7,2,70.327137092877,0,0,FALSE
"gene272",0.242679400125771,0.325744161242645,-109.616481605996,-112.974193026647,7,2,109.198729334641,0,0,FALSE
"gene273",0.309616123814048,0.40181858561141,-144.664564520708,-147.647183521192,7,2,344.58310186219,0,0,FALSE
"gene274",3.61035332987676e-10,3.07264113181001e-09,-113.716387027188,-140.141426876698,7,2,96.2467891719046,0,0,FALSE
"gene275",0.338931667706876,0.42767402865221,-145.06341774156,-147.901896437337,7,2,296.586438528302,0,0,FALSE
"gene276",0.0187704378131978,0.0377295232426085,-141.509726910166,-148.282406671679,7,2,330.600877937198,0,0,FALSE
"gene277",0.420192704044672,0.500229409576991,-134.211307830509,-136.69370151552,7,2,231.818537218967,0,0,FALSE
"gene278",0.348451612956017,0.436768316744351,-135.950650443335,-138.744376907637,7,2,253.906231049423,0,0,FALSE
"gene279",0.508688125308928,0.578054687851055,-146.772040381845,-148.91622362099,7,2,342.837194441491,0,0,FALSE
"gene280",0.917386365287409,0.93518071250189,-163.514918910166,-164.246036158996,7,2,699.569357311491,0,0,FALSE
"gene281",0.000299643754051885,0.000964910229773547,-103.520263497562,-115.155525412184,7,2,57.1473650804272,0,0,FALSE
"gene282",0.00294034135215567,0.0076372502653394,-159.251329257574,-168.253750650813,7,2,636.073385646076,0,0,FALSE
"gene283",0.313728085058243,0.402215493664414,-183.708714190211,-186.670494159615,7,2,1328.91035518896,0,0,FALSE
"gene284",1.53625658205173e-09,1.20490712317783e-08,-135.255765867317,-160.146373042252,7,2,252.417830824523,0,0,FALSE
"gene285",0.000263893970647973,0.000872376762472638,-107.082950989915,-118.862206643754,7,2,77.8729271316431,0,0,FALSE
"gene286",7.74736222928825e-05,0.000276691508188866,-135.086401725396,-148.244557729271,7,2,249.60135414837,0,0,FALSE
"gene287",0.123912442290163,0.198000990994248,-148.170176315266,-152.494652949353,7,2,453.930673955494,0,0,FALSE
"gene288",0.444974417913351,0.518920603980584,-127.099432738408,-129.482925078161,7,2,164.430012478887,0,0,FALSE
"gene289",0.0516882950154987,0.0923005268133905,-132.5031186673,-137.995365541829,7,2,192.729655117467,0,0,FALSE
"gene290",0.442515069210158,0.517561484456325,-132.288408483022,-134.681551361499,7,2,192.366968315072,0,0,FALSE
"gene291",8.871027473105e-17,1.47850457885083e-15,-113.695461534019,-156.025398526344,7,2,116.90688818165,0,0,FALSE
"gene292",0.0150210175475172,0.0308123436872148,-120.093063470351,-127.140242786851,7,2,165.962422559763,0,0,FALSE
"gene293",0.389567635535787,0.475082482360716,-169.61289010984,-172.223138050421,7,2,1028.86687160575,0,0,FALSE
"gene294",0.118528858177366,0.191175577705429,-135.48293103119,-139.868726343569,7,2,316.75644517262,0,0,FALSE
"gene295",0.000404366212154675,0.00123470599131198,-162.334462857384,-173.629137341666,7,2,863.862047687126,0,0,FALSE
"gene296",0.320183695776237,0.409180441886565,-155.76277098815,-158.692260306299,7,2,516.2605891149,0,0,FALSE
"gene297",0.0135504710019774,0.0288307893659095,-116.546421181744,-123.719803505856,7,2,111.324403756421,0,0,FALSE
"gene298",0.293597737705756,0.387587772548853,-118.622786749985,-121.688723652229,7,2,125.520777606334,0,0,FALSE
"gene299",0.124593597288492,0.198000990994248,-90.9850720734877,-95.3019628938802,7,2,30.4856528656092,0,0,FALSE
"gene300",2.31953298825926e-08,1.68693308237037e-07,-154.83862227776,-176.837095152204,7,2,580.570007068126,0,0,FALSE
"gene301",0.429291991603291,0.507982424148955,-160.023139494323,-162.468780468293,7,2,487.624031648942,0,0,FALSE
"gene302",0.0254741125880521,0.0501586480811028,-108.598262627685,-114.991005266833,7,2,76.2617653965359,0,0,FALSE
"gene303",0.0133196583456829,0.0285493046503859,-154.761124939786,-161.95550986765,7,2,651.167311856249,0,0,FALSE
"gene304",0.205645590181019,0.287320237111246,-146.631877789184,-150.235730703616,7,2,416.331863652466,0,0,FALSE
"gene305",0.0258199597177926,0.050380409205449,-139.301957361306,-145.677814503748,7,2,427.825133005213,0,0,FALSE
"gene306",0.0255809105213624,0.0501586480811028,-179.56855985237,-185.956064914894,7,2,1274.71383473281,0,0,FALSE
"gene307",0.538350423808928,0.606592026826961,-132.473669846986,-134.512287603251,7,2,201.292910875595,0,0,FALSE
"gene308",0.00144486766822212,0.004013521300617,-171.015693891805,-180.847597949082,7,2,1124.13551777466,0,0,FALSE
"gene309",0.0306540901049972,0.0586681150334875,-112.904253599658,-119.064357487982,7,2,94.6875905508099,0,0,FALSE
"gene310",2.48581988591896e-06,1.24290994295948e-05,-134.477040673917,-151.430045052779,7,2,231.92912340953,0,0,FALSE
"gene311",0.470659382809173,0.54411489342101,-128.827323871418,-131.111995931476,7,2,157.381378046452,0,0,FALSE
"gene312",0.313214041592275,0.402215493664414,-121.564736842682,-124.529110212332,7,2,131.831101128796,0,0,FALSE
"gene313",0.0775680534194561,0.132594963110181,-155.062176151034,-160.021592026584,7,2,561.295693096188,0,0,FALSE
"gene314",0.432776575909399,0.509148912834587,-166.270266139874,-168.701970433062,7,2,707.661594062433,0,0,FALSE
"gene315",0.000305875321891821,0.000971032767910543,-135.91070767617,-147.522620193602,7,2,196.117517462058,0,0,FALSE
"gene316",0.0137962701281779,0.0290447792172166,-157.262353052589,-164.413746145709,7,2,582.576939194057,0,0,FALSE
"gene317",0.00181876979373903,0.00494903345235111,-117.721148440976,-127.285559482645,7,2,110.298079594991,0,0,FALSE
"gene318",0.892294024631359,0.919890747042638,-147.96011535974,-148.796573499493,7,2,369.75897693571,0,0,FALSE
"gene319",0.407734787527243,0.492730861060113,-163.219231520183,-165.752829191786,7,2,964.824450441705,0,0,FALSE
"gene320",0.537113167883231,0.606592026826961,-150.626062946752,-152.669022825446,7,2,507.465847953892,0,0,FALSE
"gene321",0.000380765102056043,0.00117158492940321,-150.256528876688,-161.619641880926,7,2,460.184005508766,0,0,FALSE
"gene322",0.00350842032785226,0.00877105081963065,-150.537775036163,-159.332187090613,7,2,456.097317322833,0,0,FALSE
"gene323",0.418252227970029,0.499405645337348,-159.298350597066,-161.788651228365,7,2,586.033456994549,0,0,FALSE
"gene324",0.306577037478872,0.39944890876726,-170.905642314953,-173.903802960085,7,2,1074.99023507248,0,0,FALSE
"gene325",0.335580027865584,0.426133368718202,-164.169891482333,-167.024352491141,7,2,952.469344791,0,0,FALSE
"gene326",0.167730234315074,0.249412987829106,-168.258925311987,-172.157882789482,7,2,1144.02355109839,0,0,FALSE
"gene327",0.00306726298129773,0.00786075401144626,-176.059734829908,-185.012461078303,7,2,1293.96133680973,0,0,FALSE
"gene328",0.00487515711328041,0.0117473665380251,-177.468412580218,-185.873275707024,7,2,1557.5400232969,0,0,FALSE
"gene329",0.349414653395481,0.436768316744351,-146.576882093598,-149.366132919076,7,2,369.428137654283,0,0,FALSE
"gene330",0.0721700559481567,0.124969793849622,-149.460086414602,-154.515227937681,7,2,574.108726466226,0,0,FALSE
"gene331",0.00856530653440538,0.0190340145209008,-178.211158088226,-185.941460419337,7,2,1395.33306415891,0,0,FALSE
"gene332",0.738530312591744,0.791989611358438,-137.447307906906,-138.822082466299,7,2,248.649272498256,0,0,FALSE
"gene333",0.0316439806196648,0.0597056238106884,-137.548455355833,-143.668423141486,7,2,344.003044093902,0,0,FALSE
"gene334",0.300822090960874,0.393231491452122,-175.79136587075,-178.819292220005,7,2,1026.28983518846,0,0,FALSE
"gene335",3.05049243838759e-07,1.74313853622148e-06,-111.802115510324,-131.031858098962,7,2,108.98191519611,0,0,FALSE
"gene336",0.0144731381550369,0.0298651893580198,-132.040151639074,-139.132894609765,7,2,288.639389984481,0,0,FALSE
"gene337",0.0144846168386396,0.0298651893580198,-154.595173391911,-161.686944780023,7,2,543.44046949667,0,0,FALSE
"gene338",0.846313711245004,0.877009027196895,-120.149892464283,-121.16009770268,7,2,140.318331701429,0,0,FALSE
"gene339",0.129446039615434,0.202856447413549,-176.280210210835,-180.544118886656,7,2,985.755634713822,0,0,FALSE
"gene340",0.0933260701250114,0.15619425962345,-174.052510614872,-178.764151179694,7,2,1121.15444884346,0,0,FALSE
"gene341",0.768103068739008,0.817130924190434,-169.309563744879,-170.58735132066,7,2,970.878877557374,0,0,FALSE
"gene342",0.163700032385687,0.244328406545802,-130.627557927614,-134.561226949738,7,2,206.719229890403,0,0,FALSE
"gene343",2.66805254530979e-07,1.56944267371164e-06,-142.373789287398,-161.748159128718,7,2,321.182717307522,0,0,FALSE
"gene344",0.00714185560800408,0.0163242413897236,-146.033994682601,-153.982918676283,7,2,404.86772079667,0,0,FALSE
"gene345",0.228734427864374,0.310148376765253,-162.425948163613,-165.872356959565,7,2,846.466770326929,0,0,FALSE
"gene346",0.0760091618813416,0.130487831555951,-137.428785300573,-142.415193392305,7,2,224.374287332028,0,0,FALSE
"gene347",0.0388836654651408,0.0716749593827481,-143.604121641722,-149.462441657816,7,2,388.570553884186,0,0,FALSE
"gene348",0.00327154961680752,0.00823031350140258,-136.620305290112,-145.497125323365,7,2,232.410177702154,0,0,FALSE
"gene349",0.171407650409691,0.252872336502445,-153.273585818714,-157.141504470168,7,2,539.721618785461,0,0,FALSE
"gene350",0.311212073374768,0.40181858561141,-171.004689672594,-173.979194983715,7,2,892.153769731632,0,0,FALSE
"gene351",3.52928837273426e-05,0.000135741860489779,-160.914617579869,-174.948886783492,7,2,827.03502384134,0,0,FALSE
"gene352",0.45324254512828,0.525747057613707,-112.979892982736,-115.331190477765,7,2,77.1835845020943,0,0,FALSE
"gene353",0.803450407166925,0.843517487839292,-152.185523640891,-153.345097933534,7,2,540.314593950621,0,0,FALSE
"gene354",4.13009113269167e-08,2.89830956680117e-07,-154.137934230327,-175.518671600762,7,2,636.256153485691,0,0,FALSE
"gene355",7.99800531188743e-07,4.38246866404791e-06,-183.451384732213,-201.637920351803,7,2,1987.8540202215,0,0,FALSE
"gene356",2.64198766506518e-07,1.56944267371164e-06,-146.869972887369,-166.254939012453,7,2,430.434850424067,0,0,FALSE
"gene357",6.28533853263312e-25,1.79581100932375e-23,-144.158838465292,-205.806958779258,7,2,439.767614326068,0,0,FALSE
"gene358",0.157128405656717,0.237753421136893,-113.955633597836,-117.947554345936,7,2,95.017099301641,0,0,FALSE
"gene359",0.00544344307672597,0.0129801464659341,-173.022985585728,-181.296628383604,7,2,1209.57191728269,0,0,FALSE
"gene360",0.0114629302012527,0.0247847139486546,-153.741778751151,-161.119192997426,7,2,456.383887987155,0,0,FALSE
"gene361",0.0914537449427275,0.153703773012987,-125.004633894345,-129.743598218559,7,2,161.041706613682,0,0,FALSE
"gene362",0.00046420030485081,0.00137540831066907,-151.108724092598,-162.246157922039,7,2,545.910909337585,0,0,FALSE
"gene363",0.0278031034701097,0.0534675066732879,-156.233134473577,-162.516159397787,7,2,686.287085118316,0,0,FALSE
"gene364",0.0112095853181114,0.0243686637350247,-135.119770416751,-142.524358839353,7,2,203.734300934375,0,0,FALSE
"gene365",0.478044174097352,0.549476062180865,-157.616420118605,-159.873301380414,7,2,532.2670620806,0,0,FALSE
"gene366",1.78707769653441e-12,2.23384712066801e-11,-149.667443611562,-181.678819217385,7,2,449.135330974997,0,0,FALSE
"gene367",0.0477501798033744,0.08603636000608,-99.76676910532,-105.361502080799,7,2,44.6260045993192,0,0,FALSE
"gene368",0.00318625105787106,0.00806645837435712,-173.495221479,-182.40315505839,7,2,1112.34410589497,0,0,FALSE
"gene369",0.227263993807194,0.309332131363508,-158.380274550249,-161.836298747261,7,2,622.976773127305,0,0,FALSE
"gene370",0.110930230373462,0.182601202260843,-146.890400533029,-151.36718870148,7,2,440.757090182671,0,0,FALSE
"gene371",0.0856580505006109,0.14457054936812,-140.33739840386,-145.164335887268,7,2,376.58822321635,0,0,FALSE
"gene372",6.03007516156012e-10,4.92251033596745e-09,-168.858464315723,-194.740577311617,7,2,1198.17279568426,0,0,FALSE
"gene373",3.2318229913191e-23,8.07955747829774e-22,-144.635086172222,-202.243233204523,7,2,520.24761721167,0,0,FALSE
"gene374",5.69744746639312e-05,0.000209080640968555,-143.974180645998,-157.475510370737,7,2,350.855504435607,0,0,FALSE
"gene375",0.601524814778129,0.670734104391708,-127.740753862029,-129.563403768715,7,2,194.344379676925,0,0,FALSE
"gene376",0.00174797752204231,0.00478897951244469,-141.534207758812,-151.144840235195,7,2,281.353370569548,0,0,FALSE
"gene377",0.0495818291529754,0.0889360164178931,-135.287685024948,-140.833796404592,7,2,258.785419565247,0,0,FALSE
"gene378",2.69065109592672e-05,0.000104491304696183,-183.71792503741,-198.053177877248,7,2,1715.11857363041,0,0,FALSE
"gene379",0.0753174843843519,0.129857731697158,-123.093570370728,-128.092119906862,7,2,174.845227062878,0,0,FALSE
"gene380",0.981046377542106,0.981046377542106,-161.43958342723,-161.806620694975,7,2,585.78235650432,0,0,FALSE
"gene381",0.130335267463205,0.202856447413549,-143.835490647737,-148.089884734606,7,2,340.129135116634,0,0,FALSE
"gene382",2.40897944809355e-11,2.29536311898874e-10,-133.984596159055,-163.265317627195,7,2,299.112791495161,0,0,FALSE
"gene383",0.201098805007995,0.282243936853327,-154.381777691789,-158.018400867773,7,2,654.075570363712,0,0,FALSE
"gene384",6.75039767832097e-07,3.75022093240054e-06,-152.887972340588,-171.258387126845,7,2,598.885884933481,0,0,FALSE
"gene385",0.0260621101144599,0.0506060390572037,-147.509925647598,-153.874088602154,7,2,346.688299638328,0,0,FALSE
"gene386",0.00286755480262006,0.00749687530096747,-125.570628937954,-134.602506143411,7,2,172.22215014188,0,0,FALSE
"gene387",0.825425700298658,0.857585143167437,-171.257323630306,-172.341389114089,7,2,868.293922224054,0,0,FALSE
"gene388",0.920220610348662,0.93518071250189,-161.800677314142,-162.519190200527,7,2,786.331527846181,0,0,FALSE
"gene389",0.00302530033623661,0.007807226674159,-130.321133848798,-139.290063708312,7,2,198.89832376515,0,0,FALSE
"gene390",0.134228745809239,0.208098068732109,-176.453733608756,-180.667143827062,7,2,1152.72881084917,0,0,FALSE
"gene391",0.901840017448354,0.927341920255377,-129.404689381426,-130.202244547602,7,2,156.636147200599,0,0,FALSE
"gene392",0.00430223579804088,0.010557633860223,-131.447811516987,-140.001047086247,7,2,220.060172809915,0,0,FALSE
"gene393",0.121138791331766,0.194600468002838,-176.241709810019,-180.597470206066,7,2,1415.57574597824,0,0,FALSE
"gene394",0.173491020339505,0.253499723827139,-162.088121926827,-165.938714542221,7,2,673.656411165023,0,0,FALSE
"gene395",0.953370602376943,0.960574914233696,-119.188271867154,-119.74239815256,7,2,154.043658131098,0,0,FALSE
"gene396",0.1886637352442,0.267608135098157,-155.549227395114,-159.278850462891,7,2,421.465569689549,0,0,FALSE
"gene397",1.64831275226614e-49,2.40099269696347e-47,-132.372449837651,-251.598774210312,7,2,321.588538131256,0,0,FALSE
"gene398",0.0604334587384284,0.106490676191063,-146.601926724132,-151.890626503813,7,2,457.614305480573,0,0,FALSE
"gene399",0.748462484572883,0.800494635906826,-144.121757920835,-145.464091583962,7,2,390.739874841222,0,0,FALSE
"gene400",0.0536489892258912,0.0953759808460288,-127.30162031189,-132.745557478196,7,2,226.634682215193,0,0,FALSE
