"","A_1_Rep1","A_2_Rep1","A_3_Rep1","A_4_Rep1","A_5_Rep1","A_6_Rep1","A_7_Rep1","A_8_Rep1","A_1_Rep2","A_2_Rep2","A_3_Rep2","A_4_Rep2","A_5_Rep2","A_6_Rep2","A_7_Rep2","A_8_Rep2","A_1_Rep3","A_2_Rep3","A_3_Rep3","A_4_Rep3","A_5_Rep3","A_6_Rep3","A_7_Rep3","A_8_Rep3"
"gene1",152,276,123,204,202,66,55,23,349,309,84,204,119,184,88,32,245,160,334,273,118,85,62,22
"gene2",233,317,506,275,286,286,326,469,353,316,306,437,460,323,409,304,276,158,469,334,190,309,191,286
"gene3",519,426,690,703,1539,758,1613,2445,364,729,1165,255,1870,751,1217,1070,390,223,592,1269,1024,1181,869,1706
"gene4",1078,766,777,751,555,324,117,158,686,712,485,636,267,393,241,163,899,882,765,481,422,253,332,160
"gene5",169,213,190,136,146,316,232,185,143,301,203,148,161,154,164,131,123,193,224,242,144,199,216,114
"gene6",1317,986,853,754,769,1073,1106,1036,690,967,852,947,557,781,849,1166,702,1093,717,751,692,730,947,1097
"gene7",1006,1094,1038,646,1659,1452,2172,1833,705,1326,1004,991,932,1783,1569,2038,712,1600,998,1035,881,1216,1498,1226
"gene8",395,514,741,345,835,495,854,651,509,643,570,547,370,355,679,634,415,415,1038,560,756,579,531,318
"gene9",1035,366,688,899,2088,1291,842,1380,526,908,1465,611,1061,1959,2030,2143,612,912,1610,819,1069,1218,2239,1427
"gene10",53,39,72,45,47,52,46,56,62,68,56,66,52,41,52,24,83,72,108,56,40,45,47,58
"gene11",192,237,129,167,127,313,230,349,250,291,83,172,152,195,382,91,259,195,255,235,271,251,201,276
"gene12",133,226,288,193,354,207,172,227,188,259,173,226,227,366,575,575,89,161,112,182,276,179,217,304
"gene13",610,618,489,395,626,336,384,353,329,497,518,695,644,909,592,448,405,286,707,417,331,418,353,304
"gene14",290,270,404,209,178,93,45,18,291,629,206,198,136,168,57,21,247,445,231,113,175,143,63,9
"gene15",673,1191,1364,871,972,965,2959,2669,599,449,1193,1015,829,2674,1936,1621,520,729,1059,1242,1008,1211,1284,1407
"gene16",661,368,451,393,818,737,540,702,221,581,459,470,642,537,230,604,295,648,790,527,392,708,886,789
"gene17",731,693,708,909,944,864,1522,529,637,1085,669,904,1146,739,1365,1429,497,1043,1285,552,1289,1152,995,729
"gene18",516,1147,971,1150,881,1010,830,977,976,1612,957,602,798,1248,818,1347,1432,1668,1501,786,626,1024,710,1023
"gene19",320,445,713,643,779,593,528,793,381,395,434,964,381,609,441,621,409,561,322,712,925,546,558,728
"gene20",548,619,1041,465,431,1224,1208,867,620,1293,627,921,641,1328,1193,1789,699,859,434,513,847,1011,1049,1078
"gene21",734,1183,2055,1714,1683,2039,3456,4411,890,1525,993,2705,3077,2918,1999,3219,828,870,1780,889,2326,1438,2890,2470
"gene22",185,260,74,140,149,129,61,37,238,190,88,187,80,69,50,38,246,90,269,148,163,105,64,31
"gene23",564,479,1210,754,1352,1314,2235,2218,716,1349,1074,795,1847,1641,1312,1332,550,547,1143,1020,1611,1413,1697,1253
"gene24",79,195,230,155,212,339,330,759,56,165,142,325,132,387,406,294,55,158,190,134,159,149,399,277
"gene25",181,221,414,213,231,241,303,389,209,414,264,179,149,324,166,161,225,230,227,276,195,166,156,190
"gene26",587,408,873,492,488,388,824,745,453,447,371,559,476,504,446,723,338,514,568,506,528,547,506,445
"gene27",14,7,12,5,18,10,16,17,17,20,14,12,12,22,20,15,19,11,22,11,40,27,19,19
"gene28",440,444,398,224,298,255,206,133,190,362,292,345,131,174,160,194,477,233,369,341,247,177,139,107
"gene29",564,499,1502,1010,883,1858,2076,1960,659,658,967,1133,1102,1961,1428,1299,619,589,1061,909,700,1961,2242,774
"gene30",345,165,274,320,431,437,715,631,280,529,321,435,342,451,509,432,391,427,162,437,427,535,308,491
"gene31",364,195,331,390,1044,896,857,738,1016,484,499,354,472,547,1182,900,262,362,340,999,782,727,456,687
"gene32",608,725,623,783,655,488,778,1034,805,965,368,783,846,545,689,1056,725,588,273,730,690,911,652,715
"gene33",363,520,704,1210,995,499,688,1112,603,730,601,374,797,1250,967,1246,605,610,869,372,826,853,981,816
"gene34",256,169,112,90,151,178,132,231,66,106,170,148,110,103,115,125,133,142,317,163,125,130,127,88
"gene35",449,1036,576,307,543,363,233,201,1015,825,377,438,469,360,268,205,395,576,771,311,532,239,172,143
"gene36",536,458,380,432,300,585,367,263,552,814,654,328,597,308,212,153,592,705,581,492,550,405,282,349
"gene37",296,551,867,418,514,1015,483,369,840,980,305,1393,406,514,619,283,347,682,822,525,750,462,524,454
"gene38",116,88,84,13,34,39,33,16,76,48,140,70,58,30,36,12,91,120,61,45,34,26,40,3
"gene39",551,325,468,400,549,496,287,302,678,1026,673,328,290,245,626,348,850,593,699,530,580,515,588,308
"gene40",488,501,398,235,378,360,377,253,360,463,178,505,300,218,346,261,372,296,640,262,468,323,298,400
"gene41",620,682,488,612,711,456,607,560,512,903,669,620,451,729,400,695,565,655,980,687,405,430,491,308
"gene42",543,558,456,630,700,527,463,844,720,697,908,594,719,709,677,646,377,931,756,723,832,434,509,921
"gene43",1004,608,616,655,471,251,269,108,810,725,589,456,489,292,124,108,653,696,506,613,365,247,133,79
"gene44",652,857,995,1387,745,1609,1027,2435,662,1238,826,967,1740,858,1315,1231,541,727,1232,991,1427,795,880,763
"gene45",571,894,264,467,538,844,752,1230,867,802,525,757,742,781,770,413,417,603,923,542,1075,422,828,539
"gene46",842,1090,881,761,1045,1765,3530,4301,531,1338,1506,1239,1792,2752,1507,1998,508,1305,1015,1216,949,1084,1430,3426
"gene47",19,17,30,13,19,13,19,24,33,26,22,19,23,19,11,21,24,14,9,18,16,15,23,14
"gene48",597,442,106,274,814,476,555,409,298,237,335,591,507,513,220,357,305,583,419,529,443,358,347,320
"gene49",947,365,650,392,611,605,553,520,786,1253,690,827,498,907,477,751,577,416,1299,841,469,941,808,609
"gene50",798,436,642,356,347,170,237,130,588,705,456,301,301,318,164,160,485,820,465,229,81,272,105,43
"gene51",371,409,360,244,279,121,69,80,294,389,276,318,137,223,154,19,365,187,268,252,152,132,132,37
"gene52",1158,1398,1476,1713,1862,2666,2077,1898,910,1448,1015,1237,1874,1531,2307,2601,919,1262,1386,2411,2285,2232,1814,2132
"gene53",405,279,375,341,373,196,143,211,409,746,371,441,443,280,248,228,569,304,433,303,281,315,117,212
"gene54",240,551,193,288,853,640,590,667,167,332,277,315,589,311,387,428,246,297,329,364,338,393,275,431
"gene55",19,49,40,34,31,35,13,5,70,81,23,51,48,22,14,3,110,48,59,36,38,19,9,4
"gene56",83,54,182,130,70,131,115,93,150,85,92,76,69,53,90,40,93,42,91,116,87,72,65,69
"gene57",189,226,313,301,234,139,163,137,343,239,274,124,196,211,152,207,363,298,224,266,195,170,247,121
"gene58",450,569,635,771,437,1097,810,1485,312,522,750,558,563,587,1163,869,429,1175,718,646,752,774,883,993
"gene59",239,965,565,1254,1081,1315,899,1521,478,1101,893,886,940,1198,1703,1101,325,698,699,880,809,898,853,1181
"gene60",455,593,813,475,1011,825,601,1041,334,583,704,538,918,980,620,1272,446,496,852,663,792,874,720,1005
"gene61",1234,674,466,675,542,1545,850,663,838,952,1080,812,799,712,824,492,854,504,852,844,402,1074,973,246
"gene62",394,371,494,465,408,668,1310,960,157,672,585,536,364,615,861,858,295,330,347,552,762,847,1250,758
"gene63",251,425,214,181,263,299,174,235,929,482,243,346,186,219,256,79,473,248,332,412,301,261,86,133
"gene64",320,311,417,159,408,297,406,529,257,431,476,212,481,486,405,625,421,189,339,303,323,227,432,358
"gene65",525,642,1070,696,977,1126,643,1279,357,938,905,989,621,1054,823,1305,284,593,908,773,566,1500,1209,1104
"gene66",149,320,118,216,149,105,48,51,277,230,104,80,169,85,44,21,265,182,197,202,69,117,34,49
"gene67",253,421,371,269,355,609,280,925,494,656,886,357,421,250,468,224,540,559,616,459,303,274,282,280
"gene68",695,1217,925,470,650,664,496,317,762,741,459,510,592,649,318,299,709,646,570,394,380,143,589,273
"gene69",46,94,97,87,100,68,91,61,84,157,50,99,70,44,89,115,71,81,77,138,101,94,43,77
"gene70",637,818,541,601,327,453,89,108,1028,865,423,403,273,395,161,89,553,871,586,242,279,199,219,79
"gene71",274,244,337,172,110,119,49,27,361,458,246,219,206,130,52,26,276,271,320,265,148,97,54,27
"gene72",1096,705,1021,400,736,635,746,1991,682,1195,1068,1472,500,832,686,642,568,490,1116,824,840,1170,1408,1618
"gene73",326,374,353,234,277,182,341,253,243,522,470,196,345,303,374,257,406,440,374,465,167,304,429,344
"gene74",410,290,479,518,564,508,242,428,176,209,425,259,518,518,469,739,247,255,635,723,195,337,615,653
"gene75",343,419,633,351,677,300,518,334,499,758,720,379,357,712,424,360,575,827,318,341,409,591,707,335
"gene76",1030,400,852,464,299,371,243,118,516,513,424,431,346,320,195,68,761,864,853,554,526,262,203,59
"gene77",1142,793,1079,1629,2150,2347,1023,1419,808,749,1483,687,1886,1812,1151,2211,1112,847,1993,1864,923,1625,2044,2235
"gene78",374,205,331,743,858,732,718,857,384,402,737,425,535,700,486,616,453,127,370,362,422,491,1019,927
"gene79",628,714,859,511,1238,522,1120,2031,554,711,1602,1166,1059,916,979,1729,388,596,1761,772,972,1732,2429,967
"gene80",976,1059,370,511,443,348,421,549,746,990,625,481,347,971,642,336,1232,594,851,608,522,295,487,421
"gene81",341,545,558,288,1266,627,779,1100,479,484,374,536,670,791,873,1104,421,311,617,504,550,493,1041,700
"gene82",610,943,654,734,826,947,452,524,556,753,646,540,810,694,427,418,425,782,707,462,441,603,905,678
"gene83",482,255,595,223,199,249,233,147,263,386,127,401,523,300,229,149,411,380,310,646,176,206,172,161
"gene84",416,200,190,225,173,192,93,122,546,397,165,176,191,238,196,83,399,322,224,111,260,108,103,64
"gene85",545,975,858,1033,1105,550,619,1099,436,930,753,685,803,737,1082,757,600,1113,739,1082,675,1028,915,457
"gene86",132,240,300,309,509,485,853,938,149,192,335,276,348,571,592,503,75,294,322,265,467,475,405,245
"gene87",872,681,1059,437,445,293,308,213,452,654,830,477,401,327,250,205,646,776,724,414,677,695,442,172
"gene88",173,112,130,123,63,82,136,73,128,186,121,172,116,56,115,65,153,62,89,148,150,59,68,69
"gene89",221,260,190,80,144,119,157,172,164,394,280,193,172,223,140,208,339,245,230,223,250,153,235,51
"gene90",148,125,161,84,174,87,187,244,183,122,218,54,135,199,111,81,145,99,192,143,103,226,109,161
"gene91",248,248,480,277,655,400,1047,637,227,380,635,406,501,482,730,622,107,385,712,692,464,306,548,346
"gene92",44,98,71,126,78,187,110,111,49,37,56,79,112,197,165,212,58,32,85,108,72,134,107,91
"gene93",644,361,629,521,381,363,121,141,439,841,334,354,250,259,243,50,626,751,261,468,308,283,178,120
"gene94",434,699,760,503,305,662,615,896,599,955,719,686,567,396,311,353,590,904,506,943,517,538,441,166
"gene95",1445,1116,629,568,566,252,337,650,422,673,577,645,663,620,491,305,629,593,814,460,617,309,248,493
"gene96",731,1021,609,335,603,393,377,101,512,432,699,489,309,252,351,153,642,694,917,419,722,277,383,192
"gene97",404,644,1226,946,908,831,1192,2193,480,817,827,1102,1016,1243,1736,1757,301,401,790,1097,726,1338,1398,1084
"gene98",378,440,318,410,356,494,536,584,298,386,268,326,281,568,274,460,507,566,412,389,403,479,246,322
"gene99",728,1134,640,509,375,265,193,66,1294,742,598,472,631,426,110,103,721,826,821,454,238,280,263,124
"gene100",706,707,508,438,282,232,338,174,729,609,466,319,277,684,439,211,388,486,358,661,320,357,164,152
"gene101",613,455,938,775,633,1225,1676,1329,551,812,520,900,1192,886,2139,859,601,897,792,985,777,1166,1211,1375
"gene102",164,171,435,368,252,641,661,229,256,563,249,313,436,556,484,307,291,472,633,272,346,467,410,468
"gene103",228,195,260,174,297,217,145,179,113,371,261,262,176,247,165,102,504,230,376,284,179,171,183,181
"gene104",325,461,528,813,303,706,337,323,628,1555,773,561,412,440,279,309,709,1204,1059,708,585,265,698,204
"gene105",561,562,476,371,309,171,156,48,479,492,235,530,471,298,199,120,660,291,418,672,331,231,82,64
"gene106",170,316,329,305,507,318,380,878,250,294,471,443,411,613,1008,871,205,254,314,516,460,939,639,418
"gene107",78,124,148,127,153,230,291,183,115,260,127,127,165,119,206,234,113,140,183,103,220,276,270,210
"gene108",414,540,459,659,1051,1172,944,1018,350,1117,891,881,1034,1560,1356,1192,596,766,639,1355,1490,1552,1048,655
"gene109",1178,725,991,280,404,441,1327,523,1017,1063,554,909,645,373,428,265,1007,822,1173,445,341,609,820,644
"gene110",390,584,577,394,641,495,521,453,386,712,332,310,727,225,423,221,671,1048,364,811,450,313,465,270
"gene111",1108,1419,775,293,522,433,190,36,1122,926,713,426,238,315,257,8,1008,791,1202,504,260,367,132,18
"gene112",526,699,716,516,494,817,521,685,723,1060,778,561,546,784,607,548,567,705,971,501,834,450,495,492
"gene113",264,183,592,313,466,643,485,644,344,312,435,539,492,692,396,672,192,303,522,402,423,310,485,548
"gene114",496,418,403,877,841,959,996,1245,343,361,450,727,718,552,808,915,477,401,637,477,209,666,1056,903
"gene115",181,159,104,172,133,120,130,185,160,139,95,248,270,158,190,433,178,88,155,145,126,150,228,298
"gene116",15,11,10,23,16,8,31,29,15,21,12,13,13,18,19,19,18,10,13,5,19,19,21,9
"gene117",1092,1234,902,637,1094,811,922,1860,688,1221,866,1002,909,1306,1824,2370,391,833,1670,1426,924,2195,1026,552
"gene118",75,99,76,79,189,176,172,402,102,92,74,121,185,245,135,286,119,132,147,125,163,319,296,84
"gene119",257,559,478,502,610,332,895,379,431,439,887,309,345,646,499,275,383,525,266,488,608,434,532,450
"gene120",222,619,489,246,420,282,190,175,461,958,609,268,381,291,206,61,431,386,690,444,629,213,338,154
"gene121",2166,1349,937,1839,1949,1130,1976,2745,817,1120,1237,802,2559,1932,3192,2108,913,1181,1838,629,1045,1230,1113,1368
"gene122",582,343,661,469,805,476,606,459,322,336,582,802,308,545,1207,546,383,505,359,787,678,274,719,930
"gene123",569,454,1035,1424,1108,849,1277,1032,460,615,749,628,1017,1118,1662,875,437,887,911,663,1110,846,900,812
"gene124",123,172,115,164,167,75,174,102,134,167,188,132,140,105,129,62,120,202,245,106,166,111,135,61
"gene125",331,530,647,430,204,233,105,25,929,812,426,421,390,201,165,31,1037,641,880,379,239,222,141,30
"gene126",569,676,720,436,460,760,954,791,398,417,507,647,408,625,560,641,618,325,304,519,477,783,717,460
"gene127",607,381,363,176,351,306,340,170,497,660,299,234,496,437,183,191,509,371,470,144,237,278,273,171
"gene128",124,190,206,416,393,359,361,236,265,199,281,223,130,465,312,290,190,234,251,337,238,204,637,199
"gene129",271,362,283,108,202,222,91,196,185,228,244,161,107,224,133,164,236,129,295,204,160,129,301,141
"gene130",604,957,476,226,338,282,392,505,417,668,523,654,355,473,427,405,385,393,282,445,500,424,514,474
"gene131",550,552,621,638,629,528,1266,909,698,680,1029,330,685,1018,783,853,633,639,431,639,1073,682,1045,664
"gene132",105,91,103,75,31,102,81,163,75,61,47,128,109,83,92,98,111,79,95,172,84,65,228,61
"gene133",35,62,55,43,22,47,40,54,39,33,72,31,34,55,39,101,35,37,16,61,38,60,64,59
"gene134",303,681,390,599,545,566,315,680,492,383,894,523,506,772,917,737,542,749,847,1055,352,403,661,404
"gene135",1061,1293,1366,1189,1207,1301,2507,2438,609,879,1067,1183,1203,2200,1885,1963,777,811,2191,1478,1051,1171,1910,1848
"gene136",604,775,820,1486,967,794,1138,1866,520,637,738,628,707,1305,2029,1537,523,497,677,906,1214,794,1526,1140
"gene137",295,610,451,932,934,938,1516,1138,473,620,676,475,995,1000,707,1644,607,709,1136,816,1368,640,1620,723
"gene138",348,627,931,1267,885,354,958,985,534,669,261,508,680,730,1015,1021,419,231,619,600,457,644,1162,1695
"gene139",1038,1194,1733,1204,1788,2583,1687,3825,999,2122,1661,2065,2157,1899,4552,4584,941,1420,1637,3135,2780,2282,1374,3061
"gene140",687,406,352,354,377,206,168,215,654,414,289,303,477,448,458,204,498,601,250,463,404,339,231,119
"gene141",673,737,645,272,250,265,442,255,756,805,536,372,456,315,354,251,450,692,419,476,385,294,317,284
"gene142",522,451,1463,515,492,583,838,1215,388,729,582,613,515,729,625,1138,453,477,531,626,635,640,604,707
"gene143",284,167,125,269,96,96,62,44,248,156,207,104,108,132,51,32,184,290,244,218,142,71,59,61
"gene144",102,229,184,167,278,200,130,414,205,263,189,178,231,218,441,322,124,313,396,189,179,231,292,215
"gene145",602,1032,717,779,902,842,995,1510,784,905,592,701,492,925,914,1381,675,947,1021,1352,976,868,1370,1254
"gene146",432,489,273,175,260,236,221,208,316,423,178,159,238,352,137,124,239,387,393,117,181,186,445,103
"gene147",124,142,216,164,208,213,275,255,133,98,268,161,173,334,277,306,147,102,153,181,231,273,198,188
"gene148",727,743,792,558,1786,1095,1225,1525,664,657,953,592,891,605,1890,781,557,600,1306,1477,844,983,723,1491
"gene149",17,75,98,28,27,47,27,20,80,47,70,77,68,32,56,17,109,83,119,59,18,43,31,10
"gene150",611,695,1074,368,348,171,92,1,722,773,492,347,439,324,136,3,883,978,455,506,351,240,152,1
"gene151",365,613,905,787,1326,1323,1336,1267,389,855,681,876,946,870,1448,1394,270,722,535,911,714,1526,1307,1310
"gene152",536,435,854,369,415,323,518,414,297,324,389,710,272,342,448,524,223,326,634,577,349,309,232,767
"gene153",285,316,222,417,303,337,394,597,380,264,221,517,366,534,699,728,344,458,626,656,238,427,448,354
"gene154",186,220,488,302,103,154,135,112,317,430,325,244,252,173,93,54,358,458,361,269,278,120,124,68
"gene155",470,659,591,478,1060,842,1040,1519,315,1174,787,631,925,1202,1176,1233,430,591,381,1317,1304,1203,851,847
"gene156",198,176,183,180,62,83,90,100,84,226,169,132,87,116,94,57,174,88,183,166,104,102,61,58
"gene157",431,540,799,504,526,847,740,908,320,437,533,300,1041,906,683,1187,662,336,1032,272,988,1021,1540,787
"gene158",89,68,58,107,175,141,65,66,34,47,98,86,55,90,103,202,109,75,126,142,98,45,153,94
"gene159",239,203,336,262,243,219,602,288,208,505,398,296,187,580,225,383,371,472,373,373,149,466,239,237
"gene160",161,224,152,165,532,214,579,304,78,294,178,134,231,458,370,422,194,160,361,190,343,235,451,228
"gene161",219,215,302,346,351,566,162,561,311,263,358,204,237,364,297,496,372,319,267,368,469,244,475,302
"gene162",1209,661,797,540,535,662,337,321,498,549,693,387,440,472,417,505,735,551,713,689,656,250,429,241
"gene163",470,235,566,290,411,448,260,444,366,349,299,271,318,304,265,368,236,354,460,626,384,397,170,264
"gene164",698,466,732,741,2070,726,1930,1279,446,1065,959,1032,1024,997,1276,904,557,719,953,1240,760,872,1947,1013
"gene165",585,464,769,507,646,547,193,427,1013,896,604,699,665,757,379,214,795,597,783,670,183,283,208,430
"gene166",724,228,322,199,135,90,104,43,231,432,231,166,402,180,108,30,358,350,509,302,181,154,116,37
"gene167",66,92,115,121,146,186,169,237,54,80,110,158,160,186,200,187,30,55,177,59,109,100,174,246
"gene168",396,217,237,234,527,260,328,424,368,452,196,115,344,213,402,404,444,213,453,459,157,228,349,270
"gene169",609,825,594,466,505,363,253,190,488,460,612,868,326,318,352,188,751,607,618,415,355,273,234,162
"gene170",242,317,327,351,445,641,430,741,423,584,327,382,579,655,1243,437,191,282,541,784,347,663,443,771
"gene171",545,678,1176,763,1121,492,712,1389,532,1296,1283,632,1136,1256,707,1345,685,409,892,891,1211,743,849,1657
"gene172",641,756,567,999,997,1449,1171,1794,792,1193,1312,824,1736,875,1304,1016,765,585,1363,971,923,930,2165,2099
"gene173",966,936,923,476,855,847,1203,1360,1034,1175,954,566,820,734,329,874,959,526,1013,593,724,941,463,1087
"gene174",378,298,268,358,427,717,722,736,367,443,219,324,464,567,468,660,314,188,397,711,449,339,457,409
"gene175",367,310,157,115,226,126,115,41,547,392,240,228,114,131,80,38,513,330,414,195,235,212,86,25
"gene176",693,707,660,617,762,292,242,441,803,835,537,361,321,498,273,247,1115,827,1298,584,572,576,611,130
"gene177",721,721,657,828,485,493,403,518,1015,1354,442,410,681,510,364,456,500,848,753,701,624,387,283,251
"gene178",548,510,428,435,271,217,136,34,694,601,895,445,300,196,110,49,463,499,468,366,160,263,226,20
"gene179",718,525,452,783,1022,253,839,935,592,525,589,764,1562,1260,1014,1592,487,467,1150,572,1096,482,824,865
"gene180",913,1376,628,976,424,592,823,305,1074,727,1235,446,768,504,741,568,733,702,961,627,421,653,602,362
"gene181",209,212,217,205,183,52,65,13,455,291,222,75,127,92,32,8,232,167,240,186,133,84,64,6
"gene182",157,176,185,99,143,104,32,56,121,336,94,119,114,79,64,57,122,150,143,66,81,71,65,18
"gene183",806,814,849,588,791,862,1230,1755,1112,957,560,546,840,1111,1078,753,1147,534,1222,1296,1136,1037,967,759
"gene184",398,225,332,337,220,130,126,52,513,397,470,326,254,120,132,48,541,199,236,293,74,136,99,74
"gene185",703,1535,900,1776,1030,1700,2103,1923,835,931,972,462,1279,1068,1297,1401,724,893,1586,708,698,1095,1135,1470
"gene186",279,150,136,331,275,218,221,550,157,189,138,215,334,703,343,324,138,170,191,415,268,336,352,294
"gene187",586,865,691,760,868,1102,848,931,1132,1356,783,659,670,868,930,946,1004,771,594,634,518,600,848,525
"gene188",801,466,609,642,928,1625,897,1121,350,857,1220,973,1117,914,1177,1299,503,761,1022,617,1025,517,998,1928
"gene189",495,847,737,772,791,521,479,184,794,754,609,283,346,639,473,258,876,706,610,423,301,402,248,269
"gene190",312,669,530,845,980,854,932,908,457,973,613,525,755,911,1130,452,429,577,1612,662,584,585,812,996
"gene191",383,700,602,549,368,326,250,299,413,478,416,573,394,360,243,151,562,527,636,303,282,191,316,153
"gene192",441,228,419,263,389,285,321,378,387,455,268,323,416,401,452,392,236,244,314,249,419,233,484,327
"gene193",97,89,132,68,46,42,38,44,116,88,47,86,42,53,62,34,49,45,83,63,77,64,28,34
"gene194",1163,789,877,483,863,812,840,1084,1005,955,684,849,800,565,999,466,619,817,671,771,924,633,816,472
"gene195",257,248,348,239,261,579,386,680,278,430,431,218,379,581,536,386,195,347,279,293,239,498,706,508
"gene196",458,682,459,908,1182,856,641,479,331,762,805,601,746,1588,552,603,437,662,670,924,1261,1095,449,574
"gene197",121,109,53,100,69,59,119,51,121,81,122,97,96,114,92,55,79,111,87,132,112,106,65,89
"gene198",655,593,761,446,429,440,295,253,751,226,701,421,335,324,256,160,928,459,785,436,409,378,207,260
"gene199",229,369,244,111,240,118,75,94,226,478,167,245,165,99,56,68,316,383,240,283,185,99,79,51
"gene200",630,907,600,424,519,408,184,176,646,645,848,499,294,417,156,163,400,679,538,316,295,317,313,178
"gene201",298,272,401,161,366,431,388,316,234,516,147,268,298,196,425,350,347,433,217,228,302,333,528,360
"gene202",146,191,154,134,65,33,42,4,249,157,169,121,75,49,36,7,105,387,54,195,75,46,28,1
"gene203",481,726,1469,1619,1393,832,1707,1768,416,629,1223,1584,1152,1323,2354,1833,301,971,537,958,608,2037,1473,2157
"gene204",185,224,329,155,406,248,208,315,300,357,285,264,299,230,333,297,196,211,251,380,283,255,439,171
"gene205",148,84,150,115,113,98,30,6,87,112,189,75,53,78,45,6,87,153,135,63,65,39,37,8
"gene206",354,377,447,513,661,621,530,522,609,542,396,701,267,624,779,723,358,610,485,995,610,657,579,637
"gene207",538,503,302,195,305,351,433,857,582,541,456,739,493,482,538,488,311,455,380,578,479,361,593,466
"gene208",76,197,112,86,86,114,76,70,99,97,102,76,118,90,86,64,80,144,136,91,46,151,160,53
"gene209",229,180,377,167,238,323,188,411,189,405,413,320,423,330,668,555,305,167,333,355,347,237,436,297
"gene210",938,807,685,619,892,1246,1183,900,474,760,534,945,769,825,787,872,640,959,990,926,712,646,514,647
"gene211",748,804,1680,880,1931,1182,2123,2538,932,1067,774,1291,1942,1261,2128,1705,935,597,765,1588,843,1670,1655,3313
"gene212",97,62,192,87,53,68,38,48,74,109,87,95,95,69,42,63,82,26,54,97,63,30,35,38
"gene213",640,658,1224,2102,2617,1698,1716,1436,637,1104,1026,1752,1038,1562,1057,3740,805,563,2421,1665,2003,1801,2704,1430
"gene214",730,1081,845,875,560,655,423,339,652,528,418,653,269,655,720,361,495,945,1073,636,393,689,742,251
"gene215",707,850,791,893,444,515,976,836,923,843,906,396,604,648,876,694,719,846,894,504,894,588,1290,572
"gene216",415,365,557,325,511,584,538,347,246,369,259,356,157,216,288,296,349,215,266,524,200,461,372,319
"gene217",585,888,1789,1115,1170,1494,2366,2377,628,918,1090,862,875,1196,1026,1018,367,826,963,1571,1211,460,826,901
"gene218",1297,649,732,507,672,573,395,293,1053,1344,687,511,895,510,207,374,387,876,797,874,292,925,680,261
"gene219",1612,636,328,331,471,223,245,182,1266,1009,511,641,396,538,285,108,712,644,662,584,388,323,243,105
"gene220",428,556,210,679,396,658,862,985,218,934,661,703,585,706,835,439,230,439,694,654,646,922,705,715
"gene221",353,272,504,256,396,481,321,202,282,535,426,298,357,465,400,219,166,157,413,453,208,369,395,251
"gene222",179,128,304,198,335,177,210,423,193,162,237,153,252,203,194,281,240,200,185,169,163,306,329,274
"gene223",349,409,228,156,261,149,152,65,339,102,211,261,113,122,88,66,243,260,483,118,123,200,105,53
"gene224",502,917,897,666,1193,1555,1239,1856,289,371,905,1293,1067,753,1629,1225,320,945,1282,774,911,1741,925,704
"gene225",576,928,839,994,584,1087,804,822,896,782,636,607,938,764,989,1299,1004,572,881,1153,749,741,1329,623
"gene226",521,467,997,624,686,643,713,1335,440,481,572,346,909,1258,1012,1181,493,524,279,873,586,622,663,417
"gene227",202,255,197,171,240,244,328,235,181,272,131,271,175,141,168,328,157,204,167,323,132,174,204,161
"gene228",66,31,40,55,54,97,122,66,39,51,56,54,83,37,91,110,35,55,39,82,60,32,110,48
"gene229",399,461,371,229,335,208,486,296,230,398,369,214,321,122,214,290,294,499,485,410,263,300,124,249
"gene230",1181,1920,1407,1394,1829,1935,3125,2506,958,1227,887,1624,3731,1151,2769,2650,930,839,1867,1141,1350,3444,3140,1945
"gene231",368,345,380,504,411,1049,928,961,196,605,459,933,837,758,938,857,362,275,221,808,688,674,1170,483
"gene232",77,187,134,91,191,47,174,196,111,159,125,115,161,80,114,85,134,140,156,253,125,60,87,103
"gene233",425,278,195,267,257,190,156,116,202,314,257,775,124,281,177,167,345,199,265,179,269,203,193,203
"gene234",448,632,483,644,452,438,423,849,478,549,586,498,643,607,1041,672,432,581,732,848,574,340,773,387
"gene235",281,447,386,517,278,384,296,135,387,331,450,307,93,630,317,220,453,281,260,143,488,382,133,538
"gene236",516,206,916,378,338,300,235,29,543,702,720,439,257,216,221,31,573,818,622,306,210,206,150,36
"gene237",817,547,853,283,456,185,309,406,782,1088,458,207,584,263,334,288,301,552,492,343,275,500,259,185
"gene238",675,280,900,643,943,790,761,720,486,954,971,577,722,775,1121,1098,484,712,1640,1130,716,1046,722,391
"gene239",275,795,622,513,354,531,368,688,377,944,356,655,569,534,166,544,276,510,587,351,442,264,685,245
"gene240",322,533,292,212,457,242,138,169,401,434,348,152,136,383,171,259,565,406,368,205,367,194,266,143
"gene241",248,268,344,190,439,175,225,257,246,401,179,291,266,172,281,176,412,272,226,245,257,326,291,173
"gene242",782,949,683,1142,2037,1099,2637,2076,182,963,1231,721,973,2435,2173,2442,798,784,1265,897,1024,1302,1677,1283
"gene243",870,574,1337,735,2407,1756,1917,2667,1225,834,870,937,1543,1064,2215,2566,428,804,1252,1639,1320,1906,2080,1942
"gene244",56,162,142,119,184,294,196,218,165,231,166,86,168,188,109,218,159,157,122,203,155,162,141,130
"gene245",532,460,411,709,649,569,609,702,256,471,536,425,673,1135,633,461,458,285,527,592,294,569,471,528
"gene246",222,347,158,92,207,173,60,136,134,203,189,208,127,194,139,85,216,140,142,105,117,95,157,58
"gene247",489,412,542,655,451,526,360,493,236,322,254,285,437,356,359,314,385,307,494,336,276,326,348,533
"gene248",114,135,146,151,302,180,181,211,179,124,204,83,152,119,143,162,163,166,135,114,125,150,81,122
"gene249",244,480,357,403,319,481,192,344,235,776,375,326,224,385,383,271,498,501,460,457,374,290,218,140
"gene250",892,1157,808,528,1280,525,458,750,804,584,402,1057,681,542,503,442,518,438,915,893,577,450,407,438
"gene251",686,1008,678,672,1064,715,539,1619,922,1014,1873,713,1386,1198,925,618,447,607,1125,913,962,927,986,624
"gene252",908,1044,676,831,1049,738,759,456,717,992,627,293,1249,452,490,672,808,603,1175,760,342,624,729,519
"gene253",479,381,302,460,613,300,439,1189,406,736,240,367,372,374,489,325,298,320,692,506,658,355,808,394
"gene254",641,557,693,539,587,561,482,482,459,295,189,253,170,395,609,323,711,497,681,241,462,302,343,339
"gene255",549,568,723,517,738,670,1176,895,409,468,605,518,482,1247,1124,680,498,639,1135,489,700,745,1413,968
"gene256",60,115,109,115,102,177,74,314,48,102,99,64,105,112,168,153,98,139,102,169,107,70,118,65
"gene257",225,125,365,294,230,197,119,162,136,229,218,203,273,134,264,236,240,137,235,259,100,190,324,196
"gene258",257,576,298,186,311,569,595,499,465,607,425,664,473,303,607,458,292,354,474,470,237,336,295,414
"gene259",328,306,532,304,888,875,673,1085,370,696,365,469,453,507,745,841,342,370,864,592,513,630,404,420
"gene260",666,1151,594,336,421,529,752,944,733,607,1737,643,1151,920,611,761,668,788,1130,1473,1068,426,897,489
"gene261",710,473,473,617,1098,467,828,1394,465,658,584,809,1169,1436,847,849,460,923,1398,399,1184,857,976,817
"gene262",409,354,212,340,458,258,365,470,266,535,230,152,348,282,462,359,236,250,409,226,199,335,309,122
"gene263",254,343,272,100,111,166,147,252,568,335,108,151,200,186,199,221,298,226,265,235,245,252,271,195
"gene264",1034,550,1101,870,567,611,847,669,346,806,911,489,961,1243,1092,649,694,800,1018,601,874,582,847,863
"gene265",287,1358,409,472,203,300,339,233,338,618,434,525,337,360,345,216,620,518,445,572,360,298,293,285
"gene266",133,67,101,111,94,85,75,65,158,134,167,84,71,107,92,70,186,162,184,100,186,87,67,89
"gene267",45,71,123,100,131,236,168,273,42,89,81,82,164,168,124,188,45,80,121,161,52,97,123,161
"gene268",475,1044,801,854,916,986,744,1046,615,716,1031,621,1211,794,750,1528,1079,811,486,935,1170,900,869,1078
"gene269",621,750,576,839,1101,977,836,1068,662,810,895,577,888,749,959,949,248,745,1286,593,841,1185,1062,488
"gene270",124,120,90,93,172,202,201,182,47,215,180,181,329,195,226,222,156,167,208,106,257,126,184,179
"gene271",24,77,48,57,86,53,80,161,23,74,88,91,30,22,179,114,25,62,59,51,80,45,133,85
"gene272",82,99,86,66,194,145,113,116,148,157,96,85,121,108,102,105,89,88,127,84,128,86,114,145
"gene273",245,474,332,245,474,327,219,272,253,284,348,269,306,264,610,765,243,439,518,207,381,224,408,382
"gene274",118,152,156,102,133,58,62,45,181,66,155,91,92,28,91,26,186,119,124,114,77,47,79,31
"gene275",165,155,239,240,311,422,114,334,141,373,409,309,452,192,343,398,271,171,218,496,393,337,654,199
"gene276",281,289,288,253,443,248,506,443,161,195,348,337,128,343,546,482,158,289,311,360,365,563,440,359
"gene277",265,202,196,298,199,235,270,296,372,331,240,230,210,161,274,191,174,227,131,195,445,163,207,139
"gene278",159,173,329,312,258,332,317,276,120,258,197,254,211,242,183,481,228,185,377,203,432,357,224,160
"gene279",200,547,314,437,230,306,341,209,274,368,538,228,507,355,573,356,468,419,517,395,300,183,198,164
"gene280",647,457,1177,422,1144,1131,396,850,378,1014,773,962,708,675,600,485,684,468,838,702,366,636,1213,635
"gene281",25,58,60,80,37,62,128,87,16,50,13,61,76,66,76,63,13,41,65,60,87,50,59,78
"gene282",490,232,647,498,1289,305,878,1523,367,776,623,479,766,415,787,884,268,638,566,784,617,496,635,891
"gene283",1295,1460,1776,372,989,2285,1309,2867,511,1430,1143,2053,1129,601,1783,1861,487,660,1614,873,2045,1447,1179,1776
"gene284",385,540,264,228,382,250,57,95,447,466,172,219,198,241,92,107,441,277,292,229,290,100,148,190
"gene285",54,47,35,94,119,97,119,71,43,68,54,106,52,112,134,159,41,52,53,70,107,36,116,77
"gene286",72,238,250,370,202,239,393,633,122,282,193,125,335,276,185,377,116,162,171,242,296,177,385,345
"gene287",226,388,522,394,322,296,413,705,380,473,182,426,494,799,552,634,277,443,539,552,462,522,603,595
"gene288",151,125,204,74,155,138,222,223,161,131,146,190,175,182,173,144,168,88,410,288,99,194,100,144
"gene289",141,178,179,161,123,82,284,564,116,267,149,199,241,149,309,198,84,106,340,161,137,237,264,160
"gene290",101,163,259,124,276,166,117,141,276,221,301,224,123,366,172,133,200,219,202,172,262,115,292,108
"gene291",169,275,116,63,88,69,83,44,256,184,245,146,72,73,42,20,127,254,163,101,56,84,86,23
"gene292",134,113,162,203,333,213,200,222,79,119,151,168,144,162,275,122,128,108,154,199,153,180,166,200
"gene293",536,845,1612,1312,1057,1588,1079,1259,886,597,999,1701,842,1036,965,918,1632,741,1167,1131,878,634,980,775
"gene294",460,315,389,253,341,378,242,217,395,203,330,397,259,282,360,295,359,296,323,416,293,338,213,331
"gene295",329,486,852,972,1138,1192,618,1360,731,634,438,851,1557,695,1200,898,569,415,955,820,1310,962,1375,942
"gene296",458,719,672,545,377,217,395,269,529,645,513,268,608,452,708,215,469,693,813,820,653,574,548,496
"gene297",67,162,142,52,102,147,153,160,89,193,85,63,97,106,111,126,58,72,270,61,83,79,165,139
"gene298",167,217,101,93,107,134,116,92,115,122,113,206,164,116,94,72,103,161,157,113,173,71,154,102
"gene299",35,64,20,13,43,16,14,21,22,48,23,22,54,24,46,18,34,34,39,56,25,25,41,16
"gene300",984,913,747,309,729,567,337,204,988,811,605,675,783,682,274,278,435,506,844,429,1187,392,262,242
"gene301",1042,563,551,112,568,592,731,485,329,505,429,474,547,256,397,585,451,1012,324,537,311,659,270,206
"gene302",88,61,59,53,125,51,59,25,151,60,103,94,58,101,63,60,104,84,75,69,84,81,61,73
"gene303",781,720,480,438,681,715,449,1287,431,416,405,654,479,560,803,1196,491,594,944,545,712,795,550,880
"gene304",421,402,752,317,376,313,544,369,448,672,525,436,326,429,403,292,531,220,494,689,416,423,194,266
"gene305",271,355,425,337,552,420,392,557,285,407,559,367,419,725,621,600,261,426,374,324,413,452,434,563
"gene306",1071,720,857,1276,1276,1416,696,2244,685,1177,1083,703,1152,3199,1322,1624,2040,570,1727,1195,749,1759,950,1811
"gene307",170,259,140,295,168,326,184,355,185,250,121,175,221,278,197,196,89,343,263,123,119,148,186,175
"gene308",803,1092,1468,631,1105,1789,2154,2023,516,633,857,1328,1508,972,1918,1971,477,1013,784,869,820,748,1517,914
"gene309",34,82,108,97,135,157,101,129,94,110,50,68,95,145,163,144,56,84,35,81,81,78,125,86
"gene310",275,358,232,301,346,326,140,137,339,192,308,345,174,106,186,65,247,425,283,208,250,226,134,36
"gene311",156,148,135,66,178,237,144,156,67,246,155,193,105,206,116,181,79,59,150,262,212,235,231,175
"gene312",173,115,116,224,102,107,130,102,184,188,138,106,146,205,137,94,95,149,254,124,99,58,83,106
"gene313",799,806,466,538,357,765,415,463,477,1179,725,777,617,355,509,357,785,389,403,630,440,385,563,482
"gene314",1024,518,1171,524,688,523,591,1035,811,642,338,416,181,754,1209,542,597,1224,847,683,785,694,1140,477
"gene315",272,207,74,248,227,174,122,145,389,427,284,166,249,81,105,34,273,217,504,136,221,60,76,114
"gene316",380,437,690,705,435,484,743,1186,348,708,343,304,565,601,903,985,276,910,390,468,921,268,795,584
"gene317",31,76,71,88,150,254,121,275,64,116,49,56,99,100,148,93,63,88,166,122,96,121,183,128
"gene318",159,375,530,292,425,432,495,481,338,640,251,682,399,266,498,454,282,183,290,271,351,263,365,397
"gene319",924,1010,1064,583,1435,1072,1116,641,682,1108,576,1308,853,1521,1111,939,839,797,1022,1114,912,1346,769,954
"gene320",589,733,495,420,374,497,573,571,518,482,679,393,255,725,428,620,333,742,555,545,579,688,344,308
"gene321",373,646,645,514,491,266,504,378,643,1116,396,355,400,524,210,239,808,348,864,496,305,402,235,194
"gene322",323,318,176,416,652,840,796,485,180,501,443,264,622,924,478,755,211,429,477,427,275,379,461,487
"gene323",623,428,464,367,879,531,472,1134,227,471,297,757,555,622,991,533,227,918,817,873,606,621,568,594
"gene324",725,1266,1376,1568,1466,1750,1844,1778,472,1404,716,643,1228,1152,1134,1017,631,1163,1255,757,976,644,1178,635
"gene325",987,420,1189,638,1092,848,1139,1235,699,798,1008,1042,1187,1430,652,1123,685,808,1124,1164,883,1409,688,1178
"gene326",755,1028,795,995,1175,1798,1582,1688,798,1004,2004,763,934,938,1605,1610,678,936,1495,1046,1593,939,1240,941
"gene327",945,890,2435,1036,1419,1118,2689,2821,511,643,1576,916,2110,1192,1722,1596,999,668,1359,1547,1202,660,1386,890
"gene328",590,1059,1459,1369,2326,1372,2013,1678,548,2119,1044,1775,1476,1507,2036,2080,1178,881,1990,1286,1448,2465,2512,2238
"gene329",148,219,431,382,399,641,453,499,419,566,223,224,517,551,469,567,270,227,294,426,271,246,459,269
"gene330",527,600,405,689,594,609,399,815,403,709,688,445,950,637,412,658,682,699,744,575,475,341,351,686
"gene331",1075,871,2127,1280,1365,788,1940,4171,617,928,1203,1079,897,2032,2022,1497,1105,583,1146,1893,1829,1597,1562,1176
"gene332",208,207,307,263,271,255,246,276,225,256,128,95,224,324,283,153,205,252,337,551,194,410,240,228
"gene333",386,309,460,318,493,232,212,437,283,372,605,287,291,362,207,379,353,468,613,420,214,281,349,194
"gene334",1310,438,796,1005,782,1140,1124,1406,285,896,444,863,981,1723,1634,1022,540,1901,1361,707,986,876,1530,1498
"gene335",54,80,118,90,150,146,231,182,49,91,54,40,86,174,164,87,58,102,107,70,103,116,231,122
"gene336",289,402,465,202,310,232,208,267,249,425,413,212,149,398,265,379,274,456,297,230,243,239,266,237
"gene337",290,430,483,385,746,381,976,664,227,517,462,1033,635,590,367,575,297,534,351,612,530,1067,693,509
"gene338",240,119,102,66,177,156,156,209,122,163,165,112,122,129,146,127,92,201,158,218,149,115,109,111
"gene339",970,214,1377,929,1229,1170,1366,1168,336,1314,380,1106,701,1174,921,1882,476,381,1150,784,1264,1126,2327,758
"gene340",1188,889,1597,934,1279,1003,530,1577,960,470,1188,807,1395,1707,1265,2116,885,534,745,1065,972,1084,2196,1136
"gene341",1380,547,1149,784,1213,739,876,715,823,1781,1234,797,976,649,677,1391,433,985,1042,1552,1196,827,1329,892
"gene342",160,218,232,150,189,173,347,198,99,260,240,282,171,245,365,253,181,133,79,260,186,199,268,193
"gene343",605,426,398,215,249,234,177,131,448,239,431,403,443,176,159,119,320,678,477,335,445,259,383,59
"gene344",408,262,481,410,511,520,446,834,201,393,392,256,367,752,388,432,424,218,329,310,276,818,259,309
"gene345",833,513,1166,954,698,680,1693,638,541,658,908,820,760,1019,1363,650,641,939,1348,870,650,923,698,854
"gene346",114,326,127,516,138,182,104,342,126,262,212,238,192,152,153,143,274,261,318,345,294,193,216,247
"gene347",261,741,637,267,221,557,333,379,237,373,591,315,420,418,243,316,420,413,652,521,293,373,346,277
"gene348",108,80,297,105,353,245,456,677,150,212,318,229,210,175,220,368,152,104,234,282,204,306,139,198
"gene349",331,476,574,422,486,691,531,1231,429,493,630,375,834,674,549,495,343,621,242,442,701,603,818,365
"gene350",601,726,1243,736,811,1759,1120,1398,468,588,1008,319,1271,1002,1270,557,493,1288,506,943,960,749,762,1377
"gene351",430,329,527,682,822,1052,933,1198,397,670,919,1419,1060,923,1784,1397,435,672,489,1012,722,707,992,844
"gene352",81,86,79,28,86,166,66,97,50,33,63,71,81,35,145,101,46,72,95,87,95,57,132,57
"gene353",692,472,462,369,849,671,626,420,605,743,440,880,503,387,703,561,330,566,633,665,372,568,465,319
"gene354",221,256,588,545,1294,619,624,1446,186,607,564,441,607,742,591,760,297,436,828,1048,880,656,545,1102
"gene355",762,1103,1319,1703,2337,1726,3110,4806,1068,739,2058,1236,1533,2428,2395,3041,595,1947,1422,2200,2790,3264,3312,2324
"gene356",128,219,584,283,684,389,468,1035,179,365,249,224,657,303,455,511,187,269,528,543,415,582,580,869
"gene357",1131,746,717,520,413,294,212,60,715,547,377,439,299,261,261,52,600,443,1351,442,307,402,105,43
"gene358",77,72,92,96,164,130,163,115,76,141,49,95,79,114,81,154,97,34,57,111,53,91,87,110
"gene359",434,818,1092,656,1201,1331,1878,1430,845,1427,644,798,1834,1122,1836,2119,1131,1827,1057,786,1070,1427,1117,1825
"gene360",295,501,196,520,314,1251,246,460,420,448,254,331,541,514,353,593,308,502,364,639,775,601,347,394
"gene361",118,83,147,119,298,217,229,85,128,118,138,128,207,185,161,182,98,162,156,246,125,131,328,180
"gene362",341,563,520,545,660,899,704,923,332,335,471,502,779,553,449,681,297,297,354,425,406,458,799,1066
"gene363",679,963,813,421,658,1265,616,512,712,1099,616,465,807,774,433,677,863,862,940,788,377,609,677,310
"gene364",281,360,201,82,288,76,174,142,167,475,120,193,137,182,284,150,318,243,384,142,184,234,84,125
"gene365",505,729,347,608,353,654,797,306,278,489,663,329,934,824,491,646,637,276,369,656,573,700,527,311
"gene366",559,812,599,732,677,236,276,162,730,682,756,662,216,112,161,91,923,442,402,549,364,213,300,164
"gene367",46,92,64,25,41,27,29,36,54,26,49,64,52,74,33,24,42,68,46,84,23,29,56,12
"gene368",423,689,1309,632,1779,1749,2063,1962,823,924,1238,564,1357,844,1008,1991,465,962,1890,713,1122,1285,773,1210
"gene369",489,647,349,809,483,490,528,701,817,698,849,1104,680,386,800,735,928,355,792,628,524,454,581,348
"gene370",254,666,515,266,553,407,338,519,269,737,344,293,600,482,431,327,262,459,368,456,436,517,723,651
"gene371",508,383,405,278,253,343,391,474,412,691,323,198,205,409,429,502,418,319,489,355,474,419,266,317
"gene372",329,722,616,1178,960,1596,1835,2651,512,1124,804,956,1461,1574,1192,1299,521,630,679,1090,2573,1519,2001,1734
"gene373",696,729,599,417,480,254,315,204,1518,806,737,556,299,354,398,143,756,715,1011,576,288,325,307,137
"gene374",202,269,230,312,252,434,737,699,146,230,328,386,343,514,416,379,57,275,492,309,446,426,664,204
"gene375",137,258,222,169,137,162,212,255,111,280,182,176,230,349,183,100,235,271,188,189,139,227,222,152
"gene376",391,357,190,212,419,190,131,288,633,289,169,274,193,321,302,68,354,367,478,263,403,180,221,155
"gene377",241,285,182,198,350,227,208,174,236,315,308,244,279,379,371,161,504,301,253,392,249,182,129,159
"gene378",356,927,1354,1498,3234,2534,2931,5216,884,1495,1676,1235,2413,1126,1998,1782,889,1344,784,1259,1405,1711,2479,2221
"gene379",242,95,154,208,181,98,296,221,142,282,160,176,118,183,243,184,176,184,211,206,112,100,167,165
"gene380",368,507,631,880,585,637,851,507,1029,534,391,325,728,413,482,623,309,816,659,587,264,826,783,541
"gene381",231,284,377,248,670,247,427,178,601,494,439,290,294,308,195,204,308,487,478,484,261,290,312,259
"gene382",371,301,384,516,207,333,188,85,469,432,271,228,334,283,205,115,597,312,395,367,371,200,169,105
"gene383",842,583,713,464,421,535,710,966,737,476,577,823,1031,646,529,1056,479,463,608,630,772,582,633,703
"gene384",670,683,844,486,637,500,506,385,1218,1213,713,461,324,522,473,219,554,882,644,1078,630,547,300,210
"gene385",169,112,432,481,235,290,608,476,344,241,252,484,207,401,642,774,186,326,314,317,398,258,396,201
"gene386",293,297,191,183,114,224,162,81,201,275,169,203,111,120,114,129,116,248,130,227,186,179,110,123
"gene387",474,712,487,688,548,1228,816,1145,1089,501,782,638,1003,922,780,660,351,1375,1824,1027,1488,1218,1063,622
"gene388",466,663,1139,922,644,926,607,650,1016,953,631,591,988,487,1159,986,696,855,1071,1214,666,709,894,453
"gene389",203,85,188,167,221,181,373,447,129,170,329,123,86,223,279,258,78,196,167,153,165,184,264,254
"gene390",791,1054,1204,1367,965,1416,1127,2303,467,824,1199,866,1618,1102,1975,1433,1357,385,550,2109,1415,676,1091,1139
"gene391",177,99,178,124,138,163,135,248,112,308,61,193,106,193,183,127,145,129,211,234,323,97,87,117
"gene392",133,132,227,102,470,376,311,362,128,190,183,287,222,159,229,203,169,121,141,193,286,235,380,209
"gene393",1298,645,987,1184,949,1359,1020,2439,863,1014,1267,1241,1204,1415,2362,1648,1084,1859,1885,1769,1853,1296,2068,2090
"gene394",522,732,399,308,451,818,1052,1419,352,450,1148,570,527,555,579,807,656,415,753,779,648,1216,778,669
"gene395",151,120,170,155,179,195,212,214,134,194,242,162,127,136,115,227,142,110,158,179,158,122,110,91
"gene396",458,183,538,812,312,224,431,693,603,483,280,353,215,442,491,357,484,106,457,441,642,677,221,348
"gene397",555,510,331,236,244,125,76,18,721,518,544,408,294,204,127,16,915,440,801,312,130,137,98,4
"gene398",376,417,227,522,552,518,730,544,322,500,444,451,351,620,420,621,405,305,397,459,387,294,957,431
"gene399",355,317,404,270,481,427,207,433,443,677,400,325,358,444,375,324,302,526,377,425,269,515,720,268
"gene400",147,107,322,257,323,253,397,273,177,219,210,209,249,296,289,282,146,162,202,218,258,197,151,246
